uid,
ip_2_0,
ip_2_1,
ip_2_2,
ip_2_3,
ip_2_4,
ip_2_5,
ip_2_6,
ip_2_7,
ip_2_8,
ip_2_9,
ip_2_10,
ip_2_11,
ip_2_12,
ip_2_13,
ip_2_14,
ip_2_15,
ip_2_16,
ip_2_17,
ip_2_18,
ip_2_19,
ip_2_20,
ip_2_21,
ip_2_22,
ip_2_23,
ip_2_24,
ip_2_25,
ip_2_26,
ip_2_27,
ip_2_28,
ip_2_29,
ip_2_30,
ip_2_31,
ip_2_32,
ip_2_33,
ip_2_34,
ip_2_35,
ip_2_36,
ip_2_37,
ip_2_38,
ip_2_39,
ip_2_40,
ip_2_41,
ip_2_42,
ip_2_43,
ip_2_44,
ip_2_45,
ip_2_46,
ip_2_47,
ip_2_48,
ip_2_49,
ip_2_50,
ip_2_51,
ip_2_52,
ip_2_53,
ip_2_54,
ip_2_55,
ip_2_56,
ip_2_57,
ip_2_58,
ip_2_59,
ip_2_60,
ip_2_61,
ip_2_62,
ip_2_63,
ip_2_64,
ip_2_65,
ip_2_66,
ip_2_67,
ip_2_68,
ip_2_69,
ip_2_70,
ip_2_71,
ip_2_72,
ip_2_73,
ip_2_74,
ip_2_75,
ip_2_76,
ip_2_77,
ip_2_78,
ip_2_79,
ip_2_80,
ip_2_81,
ip_2_82,
ip_2_83,
ip_2_84,
ip_2_85,
ip_2_86,
ip_2_87,
ip_2_88,
ip_2_89,
ip_2_90,
ip_2_91,
ip_2_92,
ip_2_93,
ip_2_94,
ip_2_95,
ip_2_96,
ip_2_97,
ip_2_98,
ip_2_99,
ip_2_100,
ip_2_101,
ip_2_102,
ip_2_103,
ip_2_104,
ip_2_105,
ip_2_106,
ip_2_107,
ip_2_108,
ip_2_109,
ip_2_110,
ip_2_111,
ip_2_112,
ip_2_113,
ip_2_114,
ip_2_115,
ip_2_116,
ip_2_117,
ip_2_118,
ip_2_119,
ip_2_120,
ip_2_121,
ip_2_122,
ip_2_123,
ip_2_124,
ip_2_125,
ip_2_126,
ip_2_127,
ip_2_128,
ip_2_129,
ip_2_130,
ip_2_131,
ip_2_132,
ip_2_133,
ip_2_134,
ip_2_135,
ip_2_136,
ip_2_137,
ip_2_138,
ip_2_139,
ip_2_140,
ip_2_141,
ip_2_142,
ip_2_143,
ip_2_144,
ip_2_145,
ip_2_146,
ip_2_147,
ip_2_148,
ip_2_149,
ip_2_150,
ip_2_151,
ip_2_152,
ip_2_153,
ip_2_154,
ip_2_155,
ip_2_156,
ip_2_157,
ip_2_158,
ip_2_159,
ip_2_160,
ip_2_161,
ip_2_162,
ip_2_163,
ip_2_164,
ip_2_165,
ip_2_166,
ip_2_167,
ip_2_168,
ip_2_169,
ip_2_170,
ip_2_171,
ip_2_172,
ip_2_173,
ip_2_174,
ip_2_175,
ip_2_176,
ip_2_177,
ip_2_178,
ip_2_179,
ip_2_180,
ip_2_181,
ip_2_182,
ip_2_183,
ip_2_184,
ip_2_185,
ip_2_186,
ip_2_187,
ip_2_188,
ip_2_189,
ip_2_190,
ip_2_191,
ip_2_192,
ip_2_193,
ip_2_194,
ip_2_195,
ip_2_196,
ip_2_197,
ip_2_198,
ip_2_199,
ip_2_200,
ip_2_201,
ip_2_202,
ip_2_203,
ip_2_204,
ip_2_205,
ip_2_206,
ip_2_207,
ip_2_208,
ip_2_209,
ip_2_210,
ip_2_211,
ip_2_212,
ip_2_213,
ip_2_214,
ip_2_215,
ip_2_216,
ip_2_217,
ip_2_218,
ip_2_219,
ip_2_220,
ip_2_221,
ip_2_222,
ip_2_223,
ip_2_224,
ip_2_225,
ip_2_226,
ip_2_227,
ip_2_228,
ip_2_229,
ip_2_230,
ip_2_231,
ip_2_232,
ip_2_233,
ip_2_234,
ip_2_235,
ip_2_236,
ip_2_237,
ip_2_238,
ip_2_239,
ip_2_240,
ip_2_241,
ip_2_242,
ip_2_243,
ip_2_244,
ip_2_245,
ip_2_246,
ip_2_247,
ip_2_248,
ip_2_249,
ip_2_250,
ip_2_251,
ip_2_252,
ip_2_253,
ip_2_254,
ip_2_255,
ip_2_256,
ip_2_257,
ip_2_258,
ip_2_259,
ip_2_260,
ip_2_261,
ip_2_262,
ip_2_263,
ip_2_264,
ip_2_265,
ip_2_266,
ip_2_267,
ip_2_268,
ip_2_269,
ip_2_270,
ip_2_271,
ip_2_272,
ip_2_273,
ip_2_274,
ip_2_275,
ip_2_276,
ip_2_277,
ip_2_278,
ip_2_279,
ip_2_280,
ip_2_281,
ip_2_282,
ip_2_283,
ip_2_284,
ip_2_285,
ip_2_286,
ip_2_287,
ip_2_288,
ip_2_289,
ip_2_290,
ip_2_291,
ip_2_292,
ip_2_293,
ip_2_294,
ip_2_295,
ip_2_296,
ip_2_297,
ip_2_298,
ip_2_299,
ip_2_300,
ip_2_301,
ip_2_302,
ip_2_303,
ip_2_304,
ip_2_305,
ip_2_306,
ip_2_307,
ip_2_308,
ip_2_309,
ip_2_310,
ip_2_311,
ip_2_312,
ip_2_313,
ip_2_314,
ip_2_315,
ip_2_316,
ip_2_317,
ip_2_318,
ip_2_319,
ip_2_320,
ip_2_321,
ip_2_322,
ip_2_323,
ip_2_324,
ip_2_325,
ip_2_326,
ip_2_327,
ip_2_328,
ip_2_329,
ip_2_330,
ip_2_331,
ip_2_332,
ip_2_333,
ip_2_334,
ip_2_335,
ip_2_336,
ip_2_337,
ip_2_338,
ip_2_339,
ip_2_340,
ip_2_341,
ip_2_342,
ip_2_343,
ip_2_344,
ip_2_345,
ip_2_346,
ip_2_347,
ip_2_348,
ip_2_349,
ip_2_350,
ip_2_351,
ip_2_352,
ip_2_353,
ip_2_354,
ip_2_355,
ip_2_356,
ip_2_357,
ip_2_358,
ip_2_359,
ip_2_360,
ip_2_361,
ip_2_362,
ip_2_363,
ip_2_364,
ip_2_365,
ip_2_366,
ip_2_367,
ip_2_368,
ip_2_369,
ip_2_370,
ip_2_371,
ip_2_372,
ip_2_373,
ip_2_374,
ip_2_375,
ip_2_376,
ip_2_377,
ip_2_378,
ip_2_379,
ip_2_380,
ip_2_381,
ip_2_382,
ip_2_383,
ip_2_384,
ip_2_385,
ip_2_386,
ip_2_387,
ip_2_388,
ip_2_389,
ip_2_390,
ip_2_391,
ip_2_392,
ip_2_393,
ip_2_394,
ip_2_395,
ip_2_396,
ip_2_397,
ip_2_398,
ip_2_399,
ip_2_400,
ip_2_401,
ip_2_402,
ip_2_403,
ip_2_404,
ip_2_405,
ip_2_406,
ip_2_407,
ip_2_408,
ip_2_409,
ip_2_410,
ip_2_411,
ip_2_412,
ip_2_413,
ip_2_414,
ip_2_415,
ip_2_416,
ip_2_417,
ip_2_418,
ip_2_419,
ip_2_420,
ip_2_421,
ip_2_422,
ip_2_423,
ip_2_424,
ip_2_425,
ip_2_426,
ip_2_427,
ip_2_428,
ip_2_429,
ip_2_430,
ip_2_431,
ip_2_432,
ip_2_433,
ip_2_434,
ip_2_435,
ip_2_436,
ip_2_437,
ip_2_438,
ip_2_439,
ip_2_440,
ip_2_441,
ip_2_442,
ip_2_443,
ip_2_444,
ip_2_445,
ip_2_446,
ip_2_447,
ip_2_448,
ip_2_449,
ip_2_450,
ip_2_451,
ip_2_452,
ip_2_453,
ip_2_454,
ip_2_455,
ip_2_456,
ip_2_457,
ip_2_458,
ip_2_459,
ip_2_460,
ip_2_461,
ip_2_462,
ip_2_463,
ip_2_464,
ip_2_465,
ip_2_466,
ip_2_467,
ip_2_468,
ip_2_469,
ip_2_470,
ip_2_471,
ip_2_472,
ip_2_473,
ip_2_474,
ip_2_475,
ip_2_476,
ip_2_477,
ip_2_478,
ip_2_479,
ip_2_480,
ip_2_481,
ip_2_482,
ip_2_483,
ip_2_484,
ip_2_485,
ip_2_486,
ip_2_487,
ip_2_488,
ip_2_489,
ip_2_490,
ip_2_491,
ip_2_492,
ip_2_493,
ip_2_494,
ip_2_495,
ip_2_496,
ip_2_497,
ip_2_498,
ip_2_499,
ip_2_500,
ip_2_501,
ip_2_502,
ip_2_503,
ip_2_504,
ip_2_505,
ip_2_506,
ip_2_507,
ip_2_508,
ip_2_509,
ip_2_510,
ip_2_511,
ip_2_512,
ip_2_513,
ip_2_514,
ip_2_515,
ip_2_516,
ip_2_517,
ip_2_518,
ip_2_519,
ip_2_520,
ip_2_521,
ip_2_522,
ip_2_523,
ip_2_524,
ip_2_525,
ip_2_526,
ip_2_527,
ip_2_528,
ip_2_529,
ip_2_530,
ip_2_531,
ip_2_532,
ip_2_533,
ip_2_534,
ip_2_535,
ip_2_536,
ip_2_537,
ip_2_538,
ip_2_539,
ip_2_540,
ip_2_541,
ip_2_542,
ip_2_543,
ip_2_544,
ip_2_545,
ip_2_546,
ip_2_547,
ip_2_548,
ip_2_549,
ip_2_550,
ip_2_551,
ip_2_552,
ip_2_553,
ip_2_554,
ip_2_555,
ip_2_556,
ip_2_557,
ip_2_558,
ip_2_559,
ip_2_560,
ip_2_561,
ip_2_562,
ip_2_563,
ip_2_564,
ip_2_565,
ip_2_566,
ip_2_567,
ip_2_568,
ip_2_569,
ip_2_570,
ip_2_571,
ip_2_572,
ip_2_573,
ip_2_574,
ip_2_575,
ip_2_576,
ip_2_577,
ip_2_578,
ip_2_579,
ip_2_580,
ip_2_581,
ip_2_582,
ip_2_583,
ip_2_584,
ip_2_585,
ip_2_586,
ip_2_587,
ip_2_588,
ip_2_589,
ip_2_590,
ip_2_591,
ip_2_592,
ip_2_593,
ip_2_594,
ip_2_595,
ip_2_596,
ip_2_597,
ip_2_598,
ip_2_599,
ip_2_600,
ip_2_601,
ip_2_602,
ip_2_603,
ip_2_604,
ip_2_605,
ip_2_606,
ip_2_607,
ip_2_608,
ip_2_609,
ip_2_610,
ip_2_611,
ip_2_612,
ip_2_613,
ip_2_614,
ip_2_615,
ip_2_616,
ip_2_617,
ip_2_618,
ip_2_619,
ip_2_620,
ip_2_621,
ip_2_622,
ip_2_623,
ip_2_624,
ip_2_625,
ip_2_626,
ip_2_627,
ip_2_628,
ip_2_629,
ip_2_630,
ip_2_631,
ip_2_632,
ip_2_633,
ip_2_634,
ip_2_635,
ip_2_636,
ip_2_637,
ip_2_638,
ip_2_639,
ip_2_640,
ip_2_641,
ip_2_642,
ip_2_643,
ip_2_644,
ip_2_645,
ip_2_646,
ip_2_647,
ip_2_648,
ip_2_649,
ip_2_650,
ip_2_651,
ip_2_652,
ip_2_653,
ip_2_654,
ip_2_655,
ip_2_656,
ip_2_657,
ip_2_658,
ip_2_659,
ip_2_660,
ip_2_661,
ip_2_662,
ip_2_663,
ip_2_664,
ip_2_665,
ip_2_666,
ip_2_667,
ip_2_668,
ip_2_669,
ip_2_670,
ip_2_671,
ip_2_672,
ip_2_673,
ip_2_674,
ip_2_675,
ip_2_676,
ip_2_677,
ip_2_678,
ip_2_679,
ip_2_680,
ip_2_681,
ip_2_682,
ip_2_683,
ip_2_684,
ip_2_685,
ip_2_686,
ip_2_687,
ip_2_688,
ip_2_689,
ip_2_690,
ip_2_691,
ip_2_692,
ip_2_693,
ip_2_694,
ip_2_695,
ip_2_696,
ip_2_697,
ip_2_698,
ip_2_699,
ip_2_700,
ip_2_701,
ip_2_702,
ip_2_703,
ip_2_704,
ip_2_705,
ip_2_706,
ip_2_707,
ip_2_708,
ip_2_709,
ip_2_710,
ip_2_711,
ip_2_712,
ip_2_713,
ip_2_714,
ip_2_715,
ip_2_716,
ip_2_717,
ip_2_718,
ip_2_719,
ip_2_720,
ip_2_721,
ip_2_722,
ip_2_723,
ip_2_724,
ip_2_725,
ip_2_726,
ip_2_727,
ip_2_728,
ip_2_729,
ip_2_730,
ip_2_731,
ip_2_732,
ip_2_733,
ip_2_734,
ip_2_735,
ip_2_736,
ip_2_737,
ip_2_738,
ip_2_739,
ip_2_740,
ip_2_741,
ip_2_742,
ip_2_743,
ip_2_744,
ip_2_745,
ip_2_746,
ip_2_747,
ip_2_748,
ip_2_749,
ip_2_750,
ip_2_751,
ip_2_752,
ip_2_753,
ip_2_754,
ip_2_755,
ip_2_756,
ip_2_757,
ip_2_758,
ip_2_759,
ip_2_760,
ip_2_761,
ip_2_762,
ip_2_763,
ip_2_764,
ip_2_765,
ip_2_766,
ip_2_767,
ip_2_768,
ip_2_769,
ip_2_770,
ip_2_771,
ip_2_772,
ip_2_773,
ip_2_774,
ip_2_775,
ip_2_776,
ip_2_777,
ip_2_778,
ip_2_779,
ip_2_780,
ip_2_781,
ip_2_782,
ip_2_783,
ip_2_784,
ip_2_785,
ip_2_786,
ip_2_787,
ip_2_788,
ip_2_789,
ip_2_790,
ip_2_791,
ip_2_792,
ip_2_793,
ip_2_794,
ip_2_795,
ip_2_796,
ip_2_797,
ip_2_798,
ip_2_799,
ip_2_800,
ip_2_801,
ip_2_802,
ip_2_803,
ip_2_804,
ip_2_805,
ip_2_806,
ip_2_807,
ip_2_808,
ip_2_809,
ip_2_810,
ip_2_811,
ip_2_812,
ip_2_813,
ip_2_814,
ip_2_815,
ip_2_816,
ip_2_817,
ip_2_818,
ip_2_819,
ip_2_820,
ip_2_821,
ip_2_822,
ip_2_823,
ip_2_824,
ip_2_825,
ip_2_826,
ip_2_827,
ip_2_828,
ip_2_829,
ip_2_830,
ip_2_831,
ip_2_832,
ip_2_833,
ip_2_834,
ip_2_835,
ip_2_836,
ip_2_837,
ip_2_838,
ip_2_839,
ip_2_840,
ip_2_841,
ip_2_842,
ip_2_843,
ip_2_844,
ip_2_845,
ip_2_846,
ip_2_847,
ip_2_848,
ip_2_849,
ip_2_850,
ip_2_851,
ip_2_852,
ip_2_853,
ip_2_854,
ip_2_855,
ip_2_856,
ip_2_857,
ip_2_858,
ip_2_859,
ip_2_860,
ip_2_861,
ip_2_862,
ip_2_863,
ip_2_864,
ip_2_865,
ip_2_866,
ip_2_867,
ip_2_868,
ip_2_869,
ip_2_870,
ip_2_871,
ip_2_872,
ip_2_873,
ip_2_874,
ip_2_875,
ip_2_876,
ip_2_877,
ip_2_878,
ip_2_879,
ip_2_880,
ip_2_881,
ip_2_882,
ip_2_883,
ip_2_884,
ip_2_885,
ip_2_886,
ip_2_887,
ip_2_888,
ip_2_889,
ip_2_890,
ip_2_891,
ip_2_892,
ip_2_893,
ip_2_894,
ip_2_895,
ip_2_896,
ip_2_897,
ip_2_898,
ip_2_899,
ip_2_900,
ip_2_901,
ip_2_902,
ip_2_903,
ip_2_904,
ip_2_905,
ip_2_906,
ip_2_907,
ip_2_908,
ip_2_909,
ip_2_910,
ip_2_911,
ip_2_912,
ip_2_913,
ip_2_914,
ip_2_915,
ip_2_916,
ip_2_917,
ip_2_918,
ip_2_919,
ip_2_920,
ip_2_921,
ip_2_922,
ip_2_923,
ip_2_924,
ip_2_925,
ip_2_926,
ip_2_927,
ip_2_928,
ip_2_929,
ip_2_930,
ip_2_931,
ip_2_932,
ip_2_933,
ip_2_934,
ip_2_935,
ip_2_936,
ip_2_937,
ip_2_938,
ip_2_939,
ip_2_940,
ip_2_941,
ip_2_942,
ip_2_943,
ip_2_944,
ip_2_945,
ip_2_946,
ip_2_947,
ip_2_948,
ip_2_949,
ip_2_950,
ip_2_951,
ip_2_952,
ip_2_953,
ip_2_954,
ip_2_955,
ip_2_956,
ip_2_957,
ip_2_958,
ip_2_959,
ip_2_960,
ip_2_961,
ip_2_962,
ip_2_963,
ip_2_964,
ip_2_965,
ip_2_966,
ip_2_967,
ip_2_968,
ip_2_969,
ip_2_970,
ip_2_971,
ip_2_972,
ip_2_973,
ip_2_974,
ip_2_975,
ip_2_976,
ip_2_977,
ip_2_978,
ip_2_979,
ip_2_980,
ip_2_981,
ip_2_982,
ip_2_983,
ip_2_984,
ip_2_985,
ip_2_986,
ip_2_987,
ip_2_988,
ip_2_989,
ip_2_990,
ip_2_991,
ip_2_992,
ip_2_993,
ip_2_994,
ip_2_995,
ip_2_996,
ip_2_997,
ip_2_998,
ip_2_999,
ip_2_1000,
ip_2_1001,
ip_2_1002,
ip_2_1003,
ip_2_1004,
ip_2_1005,
ip_2_1006,
ip_2_1007,
ip_2_1008,
ip_2_1009,
ip_2_1010,
ip_2_1011,
ip_2_1012,
ip_2_1013,
ip_2_1014,
ip_2_1015,
ip_2_1016,
ip_2_1017,
ip_2_1018,
ip_2_1019,
ip_2_1020,
ip_2_1021,
ip_2_1022,
ip_2_1023,
ip_2_1024,
ip_2_1025,
ip_2_1026,
ip_2_1027,
ip_2_1028,
ip_2_1029,
ip_2_1030,
ip_2_1031,
ip_2_1032,
ip_2_1033,
ip_2_1034,
ip_2_1035,
ip_2_1036,
ip_2_1037,
ip_2_1038,
ip_2_1039,
ip_2_1040,
ip_2_1041,
ip_2_1042,
ip_2_1043,
ip_2_1044,
ip_2_1045,
ip_2_1046,
ip_2_1047,
ip_2_1048,
ip_2_1049,
ip_2_1050,
ip_2_1051,
ip_2_1052,
ip_2_1053,
ip_2_1054,
ip_2_1055,
ip_2_1056,
ip_2_1057,
ip_2_1058,
ip_2_1059,
ip_2_1060,
ip_2_1061,
ip_2_1062,
ip_2_1063,
ip_2_1064,
ip_2_1065,
ip_2_1066,
ip_2_1067,
ip_2_1068,
ip_2_1069,
ip_2_1070,
ip_2_1071,
ip_2_1072,
ip_2_1073,
ip_2_1074,
ip_2_1075,
ip_2_1076,
ip_2_1077,
ip_2_1078,
ip_2_1079,
ip_2_1080,
ip_2_1081,
ip_2_1082,
ip_2_1083,
ip_2_1084,
ip_2_1085,
ip_2_1086,
ip_2_1087,
ip_2_1088,
ip_2_1089,
ip_2_1090,
ip_2_1091,
ip_2_1092,
ip_2_1093,
ip_2_1094,
ip_2_1095,
ip_2_1096,
ip_2_1097,
ip_2_1098,
ip_2_1099,
ip_2_1100,
ip_2_1101,
ip_2_1102,
ip_2_1103,
ip_2_1104,
ip_2_1105,
ip_2_1106,
ip_2_1107,
ip_2_1108,
ip_2_1109,
ip_2_1110,
ip_2_1111,
ip_2_1112,
ip_2_1113,
ip_2_1114,
ip_2_1115,
ip_2_1116,
ip_2_1117,
ip_2_1118,
ip_2_1119,
ip_2_1120,
ip_2_1121,
ip_2_1122,
ip_2_1123,
ip_2_1124,
ip_2_1125,
ip_2_1126,
ip_2_1127,
ip_2_1128,
ip_2_1129,
ip_2_1130,
ip_2_1131,
ip_2_1132,
ip_2_1133,
ip_2_1134,
ip_2_1135,
ip_2_1136,
ip_2_1137,
ip_2_1138,
ip_2_1139,
ip_2_1140,
ip_2_1141,
ip_2_1142,
ip_2_1143,
ip_2_1144,
ip_2_1145,
ip_2_1146,
ip_2_1147,
ip_2_1148,
ip_2_1149,
ip_2_1150,
ip_2_1151,
ip_2_1152,
ip_2_1153,
ip_2_1154,
ip_2_1155,
ip_2_1156,
ip_2_1157,
ip_2_1158,
ip_2_1159,
ip_2_1160,
ip_2_1161,
ip_2_1162,
ip_2_1163,
ip_2_1164,
ip_2_1165,
ip_2_1166,
ip_2_1167,
ip_2_1168,
ip_2_1169,
ip_2_1170,
ip_2_1171,
ip_2_1172,
ip_2_1173,
ip_2_1174,
ip_2_1175,
ip_2_1176,
ip_2_1177,
ip_2_1178,
ip_2_1179,
ip_2_1180,
ip_2_1181,
ip_2_1182,
ip_2_1183,
ip_2_1184,
ip_2_1185,
ip_2_1186,
ip_2_1187,
ip_2_1188,
ip_2_1189,
ip_2_1190,
ip_2_1191,
ip_2_1192,
ip_2_1193,
ip_2_1194,
ip_2_1195,
ip_2_1196,
ip_2_1197,
ip_2_1198,
ip_2_1199,
ip_2_1200,
ip_2_1201,
ip_2_1202,
ip_2_1203,
ip_2_1204,
ip_2_1205,
ip_2_1206,
ip_2_1207,
ip_2_1208,
ip_2_1209,
ip_2_1210,
ip_2_1211,
ip_2_1212,
ip_2_1213,
ip_2_1214,
ip_2_1215,
ip_2_1216,
ip_2_1217,
ip_2_1218,
ip_2_1219,
ip_2_1220,
ip_2_1221,
ip_2_1222,
ip_2_1223,
ip_2_1224,
ip_2_1225,
ip_2_1226,
ip_2_1227,
ip_2_1228,
ip_2_1229,
ip_2_1230,
ip_2_1231,
ip_2_1232,
ip_2_1233,
ip_2_1234,
ip_2_1235,
ip_2_1236,
ip_2_1237,
ip_2_1238,
ip_2_1239,
ip_2_1240,
ip_2_1241,
ip_2_1242,
ip_2_1243,
ip_2_1244,
ip_2_1245,
ip_2_1246,
ip_2_1247,
ip_2_1248,
ip_2_1249,
ip_2_1250,
ip_2_1251,
ip_2_1252,
ip_2_1253,
ip_2_1254,
ip_2_1255,
ip_2_1256,
ip_2_1257,
ip_2_1258,
ip_2_1259,
ip_2_1260,
ip_2_1261,
ip_2_1262,
ip_2_1263,
ip_2_1264,
ip_2_1265,
ip_2_1266,
ip_2_1267,
ip_2_1268,
ip_2_1269,
ip_2_1270,
ip_2_1271,
ip_2_1272,
ip_2_1273,
ip_2_1274,
ip_2_1275,
ip_2_1276,
ip_2_1277,
ip_2_1278,
ip_2_1279,
ip_2_1280,
ip_2_1281,
ip_2_1282,
ip_2_1283,
ip_2_1284,
ip_2_1285,
ip_2_1286,
ip_2_1287,
ip_2_1288,
ip_2_1289,
ip_2_1290,
ip_2_1291,
ip_2_1292,
ip_2_1293,
ip_2_1294,
ip_2_1295,
ip_2_1296,
ip_2_1297,
ip_2_1298,
ip_2_1299,
ip_2_1300,
ip_2_1301,
ip_2_1302,
ip_2_1303,
ip_2_1304,
ip_2_1305,
ip_2_1306,
ip_2_1307,
ip_2_1308,
ip_2_1309,
ip_2_1310,
ip_2_1311,
ip_2_1312,
ip_2_1313,
ip_2_1314,
ip_2_1315,
ip_2_1316,
ip_2_1317,
ip_2_1318,
ip_2_1319,
ip_2_1320,
ip_2_1321,
ip_2_1322,
ip_2_1323,
ip_2_1324,
ip_2_1325,
ip_2_1326,
ip_2_1327,
ip_2_1328,
ip_2_1329,
ip_2_1330,
ip_2_1331,
ip_2_1332,
ip_2_1333,
ip_2_1334,
ip_2_1335,
ip_2_1336,
ip_2_1337,
ip_2_1338,
ip_2_1339,
ip_2_1340,
ip_2_1341,
ip_2_1342,
ip_2_1343,
ip_2_1344,
ip_2_1345,
ip_2_1346,
ip_2_1347,
ip_2_1348,
ip_2_1349,
ip_2_1350,
ip_2_1351,
ip_2_1352,
ip_2_1353,
ip_2_1354,
ip_2_1355,
ip_2_1356,
ip_2_1357,
ip_2_1358,
ip_2_1359,
ip_2_1360,
ip_2_1361,
ip_2_1362,
ip_2_1363,
ip_2_1364,
ip_2_1365,
ip_2_1366,
ip_2_1367,
ip_2_1368,
ip_2_1369,
ip_2_1370,
ip_2_1371,
ip_2_1372,
ip_2_1373,
ip_2_1374,
ip_2_1375,
ip_2_1376,
ip_2_1377,
ip_2_1378,
ip_2_1379,
ip_2_1380,
ip_2_1381,
ip_2_1382,
ip_2_1383,
ip_2_1384,
ip_2_1385,
ip_2_1386,
ip_2_1387,
ip_2_1388,
ip_2_1389,
ip_2_1390,
ip_2_1391,
ip_2_1392,
ip_2_1393,
ip_2_1394,
ip_2_1395,
ip_2_1396,
ip_2_1397,
ip_2_1398,
ip_2_1399,
ip_2_1400,
ip_2_1401,
ip_2_1402,
ip_2_1403,
ip_2_1404,
ip_2_1405,
ip_2_1406,
ip_2_1407,
ip_2_1408,
ip_2_1409,
ip_2_1410,
ip_2_1411,
ip_2_1412,
ip_2_1413,
ip_2_1414,
ip_2_1415,
ip_2_1416,
ip_2_1417,
ip_2_1418,
ip_2_1419,
ip_2_1420,
ip_2_1421,
ip_2_1422,
ip_2_1423,
ip_2_1424,
ip_2_1425,
ip_2_1426,
ip_2_1427,
ip_2_1428,
ip_2_1429,
ip_2_1430,
ip_2_1431,
ip_2_1432,
ip_2_1433,
ip_2_1434,
ip_2_1435,
ip_2_1436,
ip_2_1437,
ip_2_1438,
ip_2_1439,
ip_2_1440,
ip_2_1441,
ip_2_1442,
ip_2_1443,
ip_2_1444,
ip_2_1445,
ip_2_1446,
ip_2_1447,
ip_2_1448,
ip_2_1449,
ip_2_1450,
ip_2_1451,
ip_2_1452,
ip_2_1453,
ip_2_1454,
ip_2_1455,
ip_2_1456,
ip_2_1457,
ip_2_1458,
ip_2_1459,
ip_2_1460,
ip_2_1461,
ip_2_1462,
ip_2_1463,
ip_2_1464,
ip_2_1465,
ip_2_1466,
ip_2_1467,
ip_2_1468,
ip_2_1469,
ip_2_1470,
ip_2_1471,
ip_2_1472,
ip_2_1473,
ip_2_1474,
ip_2_1475,
ip_2_1476,
ip_2_1477,
ip_2_1478,
ip_2_1479,
ip_2_1480,
ip_2_1481,
ip_2_1482,
ip_2_1483,
ip_2_1484,
ip_2_1485,
ip_2_1486,
ip_2_1487,
ip_2_1488,
ip_2_1489,
ip_2_1490,
ip_2_1491,
ip_2_1492,
ip_2_1493,
ip_2_1494,
ip_2_1495,
ip_2_1496,
ip_2_1497,
ip_2_1498,
ip_2_1499,
ip_2_1500,
ip_2_1501,
ip_2_1502,
ip_2_1503,
ip_2_1504,
ip_2_1505,
ip_2_1506,
ip_2_1507,
ip_2_1508,
ip_2_1509,
ip_2_1510,
ip_2_1511,
ip_2_1512,
ip_2_1513,
ip_2_1514,
ip_2_1515,
ip_2_1516,
ip_2_1517,
ip_2_1518,
ip_2_1519,
ip_2_1520,
ip_2_1521,
ip_2_1522,
ip_2_1523,
ip_2_1524,
ip_2_1525,
ip_2_1526,
ip_2_1527,
ip_2_1528,
ip_2_1529,
ip_2_1530,
ip_2_1531,
ip_2_1532,
ip_2_1533,
ip_2_1534,
ip_2_1535,
ip_2_1536,
ip_2_1537,
ip_2_1538,
ip_2_1539,
ip_2_1540,
ip_2_1541,
ip_2_1542,
ip_2_1543,
ip_2_1544,
ip_2_1545,
ip_2_1546,
ip_2_1547,
ip_2_1548,
ip_2_1549,
ip_2_1550,
ip_2_1551,
ip_2_1552,
ip_2_1553,
ip_2_1554,
ip_2_1555,
ip_2_1556,
ip_2_1557,
ip_2_1558,
ip_2_1559,
ip_2_1560,
ip_2_1561,
ip_2_1562,
ip_2_1563,
ip_2_1564,
ip_2_1565,
ip_2_1566,
ip_2_1567,
ip_2_1568,
ip_2_1569,
ip_2_1570,
ip_2_1571,
ip_2_1572,
ip_2_1573,
ip_2_1574,
ip_2_1575,
ip_2_1576,
ip_2_1577,
ip_2_1578,
ip_2_1579,
ip_2_1580,
ip_2_1581,
ip_2_1582,
ip_2_1583,
ip_2_1584,
ip_2_1585,
ip_2_1586,
ip_2_1587,
ip_2_1588,
ip_2_1589,
ip_2_1590,
ip_2_1591,
ip_2_1592,
ip_2_1593,
ip_2_1594,
ip_2_1595,
ip_2_1596,
ip_2_1597,
ip_2_1598,
ip_2_1599,
ip_2_1600,
ip_2_1601,
ip_2_1602,
ip_2_1603,
ip_2_1604,
ip_2_1605,
ip_2_1606,
ip_2_1607,
ip_2_1608,
ip_2_1609,
ip_2_1610,
ip_2_1611,
ip_2_1612,
ip_2_1613,
ip_2_1614,
ip_2_1615,
ip_2_1616,
ip_2_1617,
ip_2_1618,
ip_2_1619,
ip_2_1620,
ip_2_1621,
ip_2_1622,
ip_2_1623,
ip_2_1624,
ip_2_1625,
ip_2_1626,
ip_2_1627,
ip_2_1628,
ip_2_1629,
ip_2_1630,
ip_2_1631,
ip_2_1632,
ip_2_1633,
ip_2_1634,
ip_2_1635,
ip_2_1636,
ip_2_1637,
ip_2_1638,
ip_2_1639,
ip_2_1640,
ip_2_1641,
ip_2_1642,
ip_2_1643,
ip_2_1644,
ip_2_1645,
ip_2_1646,
ip_2_1647,
ip_2_1648,
ip_2_1649,
ip_2_1650,
ip_2_1651,
ip_2_1652,
ip_2_1653,
ip_2_1654,
ip_2_1655,
ip_2_1656,
ip_2_1657,
ip_2_1658,
ip_2_1659,
ip_2_1660,
ip_2_1661,
ip_2_1662,
ip_2_1663,
ip_2_1664,
ip_2_1665,
ip_2_1666,
ip_2_1667,
ip_2_1668,
ip_2_1669,
ip_2_1670,
ip_2_1671,
ip_2_1672,
ip_2_1673,
ip_2_1674,
ip_2_1675,
ip_2_1676,
ip_2_1677,
ip_2_1678,
ip_2_1679,
ip_2_1680,
ip_2_1681,
ip_2_1682,
ip_2_1683,
ip_2_1684,
ip_2_1685,
ip_2_1686,
ip_2_1687,
ip_2_1688,
ip_2_1689,
ip_2_1690,
ip_2_1691,
ip_2_1692,
ip_2_1693,
ip_2_1694,
ip_2_1695,
ip_2_1696,
ip_2_1697,
ip_2_1698,
ip_2_1699,
ip_2_1700,
ip_2_1701,
ip_2_1702,
ip_2_1703,
ip_2_1704,
ip_2_1705,
ip_2_1706,
ip_2_1707,
ip_2_1708,
ip_2_1709,
ip_2_1710,
ip_2_1711,
ip_2_1712,
ip_2_1713,
ip_2_1714,
ip_2_1715,
ip_2_1716,
ip_2_1717,
ip_2_1718,
ip_2_1719,
ip_2_1720,
ip_2_1721,
ip_2_1722,
ip_2_1723,
ip_2_1724,
ip_2_1725,
ip_2_1726,
ip_2_1727,
ip_2_1728,
ip_2_1729,
ip_2_1730,
ip_2_1731,
ip_2_1732,
ip_2_1733,
ip_2_1734,
ip_2_1735,
ip_2_1736,
ip_2_1737,
ip_2_1738,
ip_2_1739,
ip_2_1740,
ip_2_1741,
ip_2_1742,
ip_2_1743,
ip_2_1744,
ip_2_1745,
ip_2_1746,
ip_2_1747,
ip_2_1748,
ip_2_1749,
ip_2_1750,
ip_2_1751,
ip_2_1752,
ip_2_1753,
ip_2_1754,
ip_2_1755,
ip_2_1756,
ip_2_1757,
ip_2_1758,
ip_2_1759,
ip_2_1760,
ip_2_1761,
ip_2_1762,
ip_2_1763,
ip_2_1764,
ip_2_1765,
ip_2_1766,
ip_2_1767,
ip_2_1768,
ip_2_1769,
ip_2_1770,
ip_2_1771,
ip_2_1772,
ip_2_1773,
ip_2_1774,
ip_2_1775,
ip_2_1776,
ip_2_1777,
ip_2_1778,
ip_2_1779,
ip_2_1780,
ip_2_1781,
ip_2_1782,
ip_2_1783,
ip_2_1784,
ip_2_1785,
ip_2_1786,
ip_2_1787,
ip_2_1788,
ip_2_1789,
ip_2_1790,
ip_2_1791,
ip_2_1792,
ip_2_1793,
ip_2_1794,
ip_2_1795,
ip_2_1796,
ip_2_1797,
ip_2_1798,
ip_2_1799,
ip_2_1800,
ip_2_1801,
ip_2_1802,
ip_2_1803,
ip_2_1804,
ip_2_1805,
ip_2_1806,
ip_2_1807,
ip_2_1808,
ip_2_1809,
ip_2_1810,
ip_2_1811,
ip_2_1812,
ip_2_1813,
ip_2_1814,
ip_2_1815,
ip_2_1816,
ip_2_1817,
ip_2_1818,
ip_2_1819,
ip_2_1820,
ip_2_1821,
ip_2_1822,
ip_2_1823,
ip_2_1824,
ip_2_1825,
ip_2_1826,
ip_2_1827,
ip_2_1828,
ip_2_1829,
ip_2_1830,
ip_2_1831,
ip_2_1832,
ip_2_1833,
ip_2_1834,
ip_2_1835,
ip_2_1836,
ip_2_1837,
ip_2_1838,
ip_2_1839,
ip_2_1840,
ip_2_1841,
ip_2_1842,
ip_2_1843,
ip_2_1844,
ip_2_1845,
ip_2_1846,
ip_2_1847,
ip_2_1848,
ip_2_1849,
ip_2_1850,
ip_2_1851,
ip_2_1852,
ip_2_1853,
ip_2_1854,
ip_2_1855,
ip_2_1856,
ip_2_1857,
ip_2_1858,
ip_2_1859,
ip_2_1860,
ip_2_1861,
ip_2_1862,
ip_2_1863,
ip_2_1864,
ip_2_1865,
ip_2_1866,
ip_2_1867,
ip_2_1868,
ip_2_1869,
ip_2_1870,
ip_2_1871,
ip_2_1872,
ip_2_1873,
ip_2_1874,
ip_2_1875,
ip_2_1876,
ip_2_1877,
ip_2_1878,
ip_2_1879,
ip_2_1880,
ip_2_1881,
ip_2_1882,
ip_2_1883,
ip_2_1884,
ip_2_1885,
ip_2_1886,
ip_2_1887,
ip_2_1888,
ip_2_1889,
ip_2_1890,
ip_2_1891,
ip_2_1892,
ip_2_1893,
ip_2_1894,
ip_2_1895,
ip_2_1896,
ip_2_1897,
ip_2_1898,
ip_2_1899,
ip_2_1900,
ip_2_1901,
ip_2_1902,
ip_2_1903,
ip_2_1904,
ip_2_1905,
ip_2_1906,
ip_2_1907,
ip_2_1908,
ip_2_1909,
ip_2_1910,
ip_2_1911,
ip_2_1912,
ip_2_1913,
ip_2_1914,
ip_2_1915,
ip_2_1916,
ip_2_1917,
ip_2_1918,
ip_2_1919,
ip_2_1920,
ip_2_1921,
ip_2_1922,
ip_2_1923,
ip_2_1924,
ip_2_1925,
ip_2_1926,
ip_2_1927,
ip_2_1928,
ip_2_1929,
ip_2_1930,
ip_2_1931,
ip_2_1932,
ip_2_1933,
ip_2_1934,
ip_2_1935,
ip_2_1936,
ip_2_1937,
ip_2_1938,
ip_2_1939,
ip_2_1940,
ip_2_1941,
ip_2_1942,
ip_2_1943,
ip_2_1944,
ip_2_1945,
ip_2_1946,
ip_2_1947,
ip_2_1948,
ip_2_1949,
ip_2_1950,
ip_2_1951,
ip_2_1952,
ip_2_1953,
ip_2_1954,
ip_2_1955,
ip_2_1956,
ip_2_1957,
ip_2_1958,
ip_2_1959,
ip_2_1960,
ip_2_1961,
ip_2_1962,
ip_2_1963,
ip_2_1964,
ip_2_1965,
ip_2_1966,
ip_2_1967,
ip_2_1968,
ip_2_1969,
ip_2_1970,
ip_2_1971,
ip_2_1972,
ip_2_1973,
ip_2_1974,
ip_2_1975,
ip_2_1976,
ip_2_1977,
ip_2_1978,
ip_2_1979,
ip_2_1980,
ip_2_1981,
ip_2_1982,
ip_2_1983,
ip_2_1984,
ip_2_1985,
ip_2_1986,
ip_2_1987,
ip_2_1988,
ip_2_1989,
ip_2_1990,
ip_2_1991,
ip_2_1992,
ip_2_1993,
ip_2_1994,
ip_2_1995,
ip_2_1996,
ip_2_1997,
ip_2_1998,
ip_2_1999,
ip_2_2000,
ip_2_2001,
ip_2_2002,
ip_2_2003,
ip_2_2004,
ip_2_2005,
ip_2_2006,
ip_2_2007,
ip_2_2008,
ip_2_2009,
ip_2_2010,
ip_2_2011,
ip_2_2012,
ip_2_2013,
ip_2_2014,
ip_2_2015,
ip_2_2016,
ip_2_2017,
ip_2_2018,
ip_2_2019,
ip_2_2020,
ip_2_2021,
ip_2_2022,
ip_2_2023,
ip_2_2024,
ip_2_2025,
ip_2_2026,
ip_2_2027,
ip_2_2028,
ip_2_2029,
ip_2_2030,
ip_2_2031,
ip_2_2032,
ip_2_2033,
ip_2_2034,
ip_2_2035,
ip_2_2036,
ip_2_2037,
ip_2_2038,
ip_2_2039,
ip_2_2040,
ip_2_2041,
ip_2_2042,
ip_2_2043,
ip_2_2044,
ip_2_2045,
ip_2_2046,
ip_2_2047,
ip_2_2048,
ip_2_2049,
ip_2_2050,
ip_2_2051,
ip_2_2052,
ip_2_2053,
ip_2_2054,
ip_2_2055,
ip_2_2056,
ip_2_2057,
ip_2_2058,
ip_2_2059,
ip_2_2060,
ip_2_2061,
ip_2_2062,
ip_2_2063,
ip_2_2064,
ip_2_2065,
ip_2_2066,
ip_2_2067,
ip_2_2068,
ip_2_2069,
ip_2_2070,
ip_2_2071,
ip_2_2072,
ip_2_2073,
ip_2_2074,
ip_2_2075,
ip_2_2076,
ip_2_2077,
ip_2_2078,
ip_2_2079,
ip_2_2080,
ip_2_2081,
ip_2_2082,
ip_2_2083,
ip_2_2084,
ip_2_2085,
ip_2_2086,
ip_2_2087,
ip_2_2088,
ip_2_2089,
ip_2_2090,
ip_2_2091,
ip_2_2092,
ip_2_2093,
ip_2_2094,
ip_2_2095,
ip_2_2096,
ip_2_2097,
ip_2_2098,
ip_2_2099,
ip_2_2100,
ip_2_2101,
ip_2_2102,
ip_2_2103,
ip_2_2104,
ip_2_2105,
ip_2_2106,
ip_2_2107,
ip_2_2108,
ip_2_2109,
ip_2_2110,
ip_2_2111,
ip_2_2112,
ip_2_2113,
ip_2_2114,
ip_2_2115,
ip_2_2116,
ip_2_2117,
ip_2_2118,
ip_2_2119,
ip_2_2120,
ip_2_2121,
ip_2_2122,
ip_2_2123,
ip_2_2124,
ip_2_2125,
ip_2_2126,
ip_2_2127,
ip_2_2128,
ip_2_2129,
ip_2_2130,
ip_2_2131,
ip_2_2132,
ip_2_2133,
ip_2_2134,
ip_2_2135,
ip_2_2136,
ip_2_2137,
ip_2_2138,
ip_2_2139,
ip_2_2140,
ip_2_2141,
ip_2_2142,
ip_2_2143,
ip_2_2144,
ip_2_2145,
ip_2_2146,
ip_2_2147,
ip_2_2148,
ip_2_2149,
ip_2_2150,
ip_2_2151,
ip_2_2152,
ip_2_2153,
ip_2_2154,
ip_2_2155,
ip_2_2156,
ip_2_2157,
ip_2_2158,
ip_2_2159,
ip_2_2160,
ip_2_2161,
ip_2_2162,
ip_2_2163,
ip_2_2164,
ip_2_2165,
ip_2_2166,
ip_2_2167,
ip_2_2168,
ip_2_2169,
ip_2_2170,
ip_2_2171,
ip_2_2172,
ip_2_2173,
ip_2_2174,
ip_2_2175,
ip_2_2176,
ip_2_2177,
ip_2_2178,
ip_2_2179,
ip_2_2180,
ip_2_2181,
ip_2_2182,
ip_2_2183,
ip_2_2184,
ip_2_2185,
ip_2_2186,
ip_2_2187,
ip_2_2188,
ip_2_2189,
ip_2_2190,
ip_2_2191,
ip_2_2192,
ip_2_2193,
ip_2_2194,
ip_2_2195,
ip_2_2196,
ip_2_2197,
ip_2_2198,
ip_2_2199,
ip_2_2200,
ip_2_2201,
ip_2_2202,
ip_2_2203,
ip_2_2204,
ip_2_2205,
ip_2_2206,
ip_2_2207,
ip_2_2208,
ip_2_2209,
ip_2_2210,
ip_2_2211,
ip_2_2212,
ip_2_2213,
ip_2_2214,
ip_2_2215,
ip_2_2216,
ip_2_2217,
ip_2_2218,
ip_2_2219,
ip_2_2220,
ip_2_2221,
ip_2_2222,
ip_2_2223,
ip_2_2224,
ip_2_2225,
ip_2_2226,
ip_2_2227,
ip_2_2228,
ip_2_2229,
ip_2_2230,
ip_2_2231,
ip_2_2232,
ip_2_2233,
ip_2_2234,
ip_2_2235,
ip_2_2236,
ip_2_2237,
ip_2_2238,
ip_2_2239,
ip_2_2240,
ip_2_2241,
ip_2_2242,
ip_2_2243,
ip_2_2244,
ip_2_2245,
ip_2_2246,
ip_2_2247,
ip_2_2248,
ip_2_2249,
ip_2_2250,
ip_2_2251,
ip_2_2252,
ip_2_2253,
ip_2_2254,
ip_2_2255,
ip_2_2256,
ip_2_2257,
ip_2_2258,
ip_2_2259,
ip_2_2260,
ip_2_2261,
ip_2_2262,
ip_2_2263,
ip_2_2264,
ip_2_2265,
ip_2_2266,
ip_2_2267,
ip_2_2268,
ip_2_2269,
ip_2_2270,
ip_2_2271,
ip_2_2272,
ip_2_2273,
ip_2_2274,
ip_2_2275,
ip_2_2276,
ip_2_2277,
ip_2_2278,
ip_2_2279,
ip_2_2280,
ip_2_2281,
ip_2_2282,
ip_2_2283,
ip_2_2284,
ip_2_2285,
ip_2_2286,
ip_2_2287,
ip_2_2288,
ip_2_2289,
ip_2_2290,
ip_2_2291,
ip_2_2292,
ip_2_2293,
ip_2_2294,
ip_2_2295,
ip_2_2296,
ip_2_2297,
ip_2_2298,
ip_2_2299,
ip_2_2300,
ip_2_2301,
ip_2_2302,
ip_2_2303,
ip_2_2304,
ip_2_2305,
ip_2_2306,
ip_2_2307,
ip_2_2308,
ip_2_2309,
ip_2_2310,
ip_2_2311,
ip_2_2312,
ip_2_2313,
ip_2_2314,
ip_2_2315,
ip_2_2316,
ip_2_2317,
ip_2_2318,
ip_2_2319,
ip_2_2320,
ip_2_2321,
ip_2_2322,
ip_2_2323,
ip_2_2324,
ip_2_2325,
ip_2_2326,
ip_2_2327,
ip_2_2328,
ip_2_2329,
ip_2_2330,
ip_2_2331,
ip_2_2332,
ip_2_2333,
ip_2_2334,
ip_2_2335,
ip_2_2336,
ip_2_2337,
ip_2_2338,
ip_2_2339,
ip_2_2340,
ip_2_2341,
ip_2_2342,
ip_2_2343,
ip_2_2344,
ip_2_2345,
ip_2_2346,
ip_2_2347,
ip_2_2348,
ip_2_2349,
ip_2_2350,
ip_2_2351,
ip_2_2352,
ip_2_2353,
ip_2_2354,
ip_2_2355,
ip_2_2356,
ip_2_2357,
ip_2_2358,
ip_2_2359,
ip_2_2360,
ip_2_2361,
ip_2_2362,
ip_2_2363,
ip_2_2364,
ip_2_2365,
ip_2_2366,
ip_2_2367,
ip_2_2368,
ip_2_2369,
ip_2_2370,
ip_2_2371,
ip_2_2372,
ip_2_2373,
ip_2_2374,
ip_2_2375,
ip_2_2376,
ip_2_2377,
ip_2_2378,
ip_2_2379,
ip_2_2380,
ip_2_2381,
ip_2_2382,
ip_2_2383,
ip_2_2384,
ip_2_2385,
ip_2_2386,
ip_2_2387,
ip_2_2388,
ip_2_2389,
ip_2_2390,
ip_2_2391,
ip_2_2392,
ip_2_2393,
ip_2_2394,
ip_2_2395,
ip_2_2396,
ip_2_2397,
ip_2_2398,
ip_2_2399,
ip_2_2400,
ip_2_2401,
ip_2_2402,
ip_2_2403,
ip_2_2404,
ip_2_2405,
ip_2_2406,
ip_2_2407,
ip_2_2408,
ip_2_2409,
ip_2_2410,
ip_2_2411,
ip_2_2412,
ip_2_2413,
ip_2_2414,
ip_2_2415,
ip_2_2416,
ip_2_2417,
ip_2_2418,
ip_2_2419,
ip_2_2420,
ip_2_2421,
ip_2_2422,
ip_2_2423,
ip_2_2424,
ip_2_2425,
ip_2_2426,
ip_2_2427,
ip_2_2428,
ip_2_2429,
ip_2_2430,
ip_2_2431,
ip_2_2432,
ip_2_2433,
ip_2_2434,
ip_2_2435,
ip_2_2436,
ip_2_2437,
ip_2_2438,
ip_2_2439,
ip_2_2440,
ip_2_2441,
ip_2_2442,
ip_2_2443,
ip_2_2444,
ip_2_2445,
ip_2_2446,
ip_2_2447,
ip_2_2448,
ip_2_2449,
ip_2_2450,
ip_2_2451,
ip_2_2452,
ip_2_2453,
ip_2_2454,
ip_2_2455,
ip_2_2456,
ip_2_2457,
ip_2_2458,
ip_2_2459,
ip_2_2460,
ip_2_2461,
ip_2_2462,
ip_2_2463,
ip_2_2464,
ip_2_2465,
ip_2_2466,
ip_2_2467,
ip_2_2468,
ip_2_2469,
ip_2_2470,
ip_2_2471,
ip_2_2472,
ip_2_2473,
ip_2_2474,
ip_2_2475,
ip_2_2476,
ip_2_2477,
ip_2_2478,
ip_2_2479,
ip_2_2480,
ip_2_2481,
ip_2_2482,
ip_2_2483,
ip_2_2484,
ip_2_2485,
ip_2_2486,
ip_2_2487,
ip_2_2488,
ip_2_2489,
ip_2_2490,
ip_2_2491,
ip_2_2492,
ip_2_2493,
ip_2_2494,
ip_2_2495,
ip_2_2496,
ip_2_2497,
ip_2_2498,
ip_2_2499,
ip_2_2500,
ip_2_2501,
ip_2_2502,
ip_2_2503,
ip_2_2504,
ip_2_2505,
ip_2_2506,
ip_2_2507,
ip_2_2508,
ip_2_2509,
ip_2_2510,
ip_2_2511,
ip_2_2512,
ip_2_2513,
ip_2_2514,
ip_2_2515,
ip_2_2516,
ip_2_2517,
ip_2_2518,
ip_2_2519,
ip_2_2520,
ip_2_2521,
ip_2_2522,
ip_2_2523,
ip_2_2524,
ip_2_2525,
ip_2_2526,
ip_2_2527,
ip_2_2528,
ip_2_2529,
ip_2_2530,
ip_2_2531,
ip_2_2532,
ip_2_2533,
ip_2_2534,
ip_2_2535,
ip_2_2536,
ip_2_2537,
ip_2_2538,
ip_2_2539,
ip_2_2540,
ip_2_2541,
ip_2_2542,
ip_2_2543,
ip_2_2544,
ip_2_2545,
ip_2_2546,
ip_2_2547,
ip_2_2548,
ip_2_2549,
ip_2_2550,
ip_2_2551,
ip_2_2552,
ip_2_2553,
ip_2_2554,
ip_2_2555,
ip_2_2556,
ip_2_2557,
ip_2_2558,
ip_2_2559,
ip_2_2560,
ip_2_2561,
ip_2_2562,
ip_2_2563,
ip_2_2564,
ip_2_2565,
ip_2_2566,
ip_2_2567,
ip_2_2568,
ip_2_2569,
ip_2_2570,
ip_2_2571,
ip_2_2572,
ip_2_2573,
ip_2_2574,
ip_2_2575,
ip_2_2576,
ip_2_2577,
ip_2_2578,
ip_2_2579,
ip_2_2580,
ip_2_2581,
ip_2_2582,
ip_2_2583,
ip_2_2584,
ip_2_2585,
ip_2_2586,
ip_2_2587,
ip_2_2588,
ip_2_2589,
ip_2_2590,
ip_2_2591,
ip_2_2592,
ip_2_2593,
ip_2_2594,
ip_2_2595,
ip_2_2596,
ip_2_2597,
ip_2_2598,
ip_2_2599,
ip_2_2600,
ip_2_2601,
ip_2_2602,
ip_2_2603,
ip_2_2604,
ip_2_2605,
ip_2_2606,
ip_2_2607,
ip_2_2608,
ip_2_2609,
ip_2_2610,
ip_2_2611,
ip_2_2612,
ip_2_2613,
ip_2_2614,
ip_2_2615,
ip_2_2616,
ip_2_2617,
ip_2_2618,
ip_2_2619,
ip_2_2620,
ip_2_2621,
ip_2_2622,
ip_2_2623,
ip_2_2624,
ip_2_2625,
ip_2_2626,
ip_2_2627,
ip_2_2628,
ip_2_2629,
ip_2_2630,
ip_2_2631,
ip_2_2632,
ip_2_2633,
ip_2_2634,
ip_2_2635,
ip_2_2636,
ip_2_2637,
ip_2_2638,
ip_2_2639,
ip_2_2640,
ip_2_2641,
ip_2_2642,
ip_2_2643,
ip_2_2644,
ip_2_2645,
ip_2_2646,
ip_2_2647,
ip_2_2648,
ip_2_2649,
ip_2_2650,
ip_2_2651,
ip_2_2652,
ip_2_2653,
ip_2_2654,
ip_2_2655,
ip_2_2656,
ip_2_2657,
ip_2_2658,
ip_2_2659,
ip_2_2660,
ip_2_2661,
ip_2_2662,
ip_2_2663,
ip_2_2664,
ip_2_2665,
ip_2_2666,
ip_2_2667,
ip_2_2668,
ip_2_2669,
ip_2_2670,
ip_2_2671,
ip_2_2672,
ip_2_2673,
ip_2_2674,
ip_2_2675,
ip_2_2676,
ip_2_2677,
ip_2_2678,
ip_2_2679,
ip_2_2680,
ip_2_2681,
ip_2_2682,
ip_2_2683,
ip_2_2684,
ip_2_2685,
ip_2_2686,
ip_2_2687,
ip_2_2688,
ip_2_2689,
ip_2_2690,
ip_2_2691,
ip_2_2692,
ip_2_2693,
ip_2_2694,
ip_2_2695,
ip_2_2696,
ip_2_2697,
ip_2_2698,
ip_2_2699,
ip_2_2700,
ip_2_2701,
ip_2_2702,
ip_2_2703,
ip_2_2704,
ip_2_2705,
ip_2_2706,
ip_2_2707,
ip_2_2708,
ip_2_2709,
ip_2_2710,
ip_2_2711,
ip_2_2712,
ip_2_2713,
ip_2_2714,
ip_2_2715,
ip_2_2716,
ip_2_2717,
ip_2_2718,
ip_2_2719,
ip_2_2720,
ip_2_2721,
ip_2_2722,
ip_2_2723,
ip_2_2724,
ip_2_2725,
ip_2_2726,
ip_2_2727,
ip_2_2728,
ip_2_2729,
ip_2_2730,
ip_2_2731,
ip_2_2732,
ip_2_2733,
ip_2_2734,
ip_2_2735,
ip_2_2736,
ip_2_2737,
ip_2_2738,
ip_2_2739,
ip_2_2740,
ip_2_2741,
ip_2_2742,
ip_2_2743,
ip_2_2744,
ip_2_2745,
ip_2_2746,
ip_2_2747,
ip_2_2748,
ip_2_2749,
ip_2_2750,
ip_2_2751,
ip_2_2752,
ip_2_2753,
ip_2_2754,
ip_2_2755,
ip_2_2756,
ip_2_2757,
ip_2_2758,
ip_2_2759,
ip_2_2760,
ip_2_2761,
ip_2_2762,
ip_2_2763,
ip_2_2764,
ip_2_2765,
ip_2_2766,
ip_2_2767,
ip_2_2768,
ip_2_2769,
ip_2_2770,
ip_2_2771,
ip_2_2772,
ip_2_2773,
ip_2_2774,
ip_2_2775,
ip_2_2776,
ip_2_2777,
ip_2_2778,
ip_2_2779,
ip_2_2780,
ip_2_2781,
ip_2_2782,
ip_2_2783,
ip_2_2784,
ip_2_2785,
ip_2_2786,
ip_2_2787,
ip_2_2788,
ip_2_2789,
ip_2_2790,
ip_2_2791,
ip_2_2792,
ip_2_2793,
ip_2_2794,
ip_2_2795,
ip_2_2796,
ip_2_2797,
ip_2_2798,
ip_2_2799,
ip_2_2800,
ip_2_2801,
ip_2_2802,
ip_2_2803,
ip_2_2804,
ip_2_2805,
ip_2_2806,
ip_2_2807,
ip_2_2808,
ip_2_2809,
ip_2_2810,
ip_2_2811,
ip_2_2812,
ip_2_2813,
ip_2_2814,
ip_2_2815,
ip_2_2816,
ip_2_2817,
ip_2_2818,
ip_2_2819,
ip_2_2820,
ip_2_2821,
ip_2_2822,
ip_2_2823,
ip_2_2824,
ip_2_2825,
ip_2_2826,
ip_2_2827,
ip_2_2828,
ip_2_2829,
ip_2_2830,
ip_2_2831,
ip_2_2832,
ip_2_2833,
ip_2_2834,
ip_2_2835,
ip_2_2836,
ip_2_2837,
ip_2_2838,
ip_2_2839,
ip_2_2840,
ip_2_2841,
ip_2_2842,
ip_2_2843,
ip_2_2844,
ip_2_2845,
ip_2_2846,
ip_2_2847,
ip_2_2848,
ip_2_2849,
ip_2_2850,
ip_2_2851,
ip_2_2852,
ip_2_2853,
ip_2_2854,
ip_2_2855,
ip_2_2856,
ip_2_2857,
ip_2_2858,
ip_2_2859,
ip_2_2860,
ip_2_2861,
ip_2_2862,
ip_2_2863,
ip_2_2864,
ip_2_2865,
ip_2_2866,
ip_2_2867,
ip_2_2868,
ip_2_2869,
ip_2_2870,
ip_2_2871,
ip_2_2872,
ip_2_2873,
ip_2_2874,
ip_2_2875,
ip_2_2876,
ip_2_2877,
ip_2_2878,
ip_2_2879,
ip_2_2880,
ip_2_2881,
ip_2_2882,
ip_2_2883,
ip_2_2884,
ip_2_2885,
ip_2_2886,
ip_2_2887,
ip_2_2888,
ip_2_2889,
ip_2_2890,
ip_2_2891,
ip_2_2892,
ip_2_2893,
ip_2_2894,
ip_2_2895,
ip_2_2896,
ip_2_2897,
ip_2_2898,
ip_2_2899,
ip_2_2900,
ip_2_2901,
ip_2_2902,
ip_2_2903,
ip_2_2904,
ip_2_2905,
ip_2_2906,
ip_2_2907,
ip_2_2908,
ip_2_2909,
ip_2_2910,
ip_2_2911,
ip_2_2912,
ip_2_2913,
ip_2_2914,
ip_2_2915,
ip_2_2916,
ip_2_2917,
ip_2_2918,
ip_2_2919,
ip_2_2920,
ip_2_2921,
ip_2_2922,
ip_2_2923,
ip_2_2924,
ip_2_2925,
ip_2_2926,
ip_2_2927,
ip_2_2928,
ip_2_2929,
ip_2_2930,
ip_2_2931,
ip_2_2932,
ip_2_2933,
ip_2_2934,
ip_2_2935,
ip_2_2936,
ip_2_2937,
ip_2_2938,
ip_2_2939,
ip_2_2940,
ip_2_2941,
ip_2_2942,
ip_2_2943,
ip_2_2944,
ip_2_2945,
ip_2_2946,
ip_2_2947,
ip_2_2948,
ip_2_2949,
ip_2_2950,
ip_2_2951,
ip_2_2952,
ip_2_2953,
ip_2_2954,
ip_2_2955,
ip_2_2956,
ip_2_2957,
ip_2_2958,
ip_2_2959,
ip_2_2960,
ip_2_2961,
ip_2_2962,
ip_2_2963,
ip_2_2964,
ip_2_2965,
ip_2_2966,
ip_2_2967,
ip_2_2968,
ip_2_2969,
ip_2_2970,
ip_2_2971,
ip_2_2972,
ip_2_2973,
ip_2_2974,
ip_2_2975,
ip_2_2976,
ip_2_2977,
ip_2_2978,
ip_2_2979,
ip_2_2980,
ip_2_2981,
ip_2_2982,
ip_2_2983,
ip_2_2984,
ip_2_2985,
ip_2_2986,
ip_2_2987,
ip_2_2988,
ip_2_2989,
ip_2_2990,
ip_2_2991,
ip_2_2992,
ip_2_2993,
ip_2_2994,
ip_2_2995,
ip_2_2996,
ip_2_2997,
ip_2_2998,
ip_2_2999,
ip_2_3000,
ip_2_3001,
ip_2_3002,
ip_2_3003,
ip_2_3004,
ip_2_3005,
ip_2_3006,
ip_2_3007,
ip_2_3008,
ip_2_3009,
ip_2_3010,
ip_2_3011,
ip_2_3012,
ip_2_3013,
ip_2_3014,
ip_2_3015,
ip_2_3016,
ip_2_3017,
ip_2_3018,
ip_2_3019,
ip_2_3020,
ip_2_3021,
ip_2_3022,
ip_2_3023,
ip_2_3024,
ip_2_3025,
ip_2_3026,
ip_2_3027,
ip_2_3028,
ip_2_3029,
ip_2_3030,
ip_2_3031,
ip_2_3032,
ip_2_3033,
ip_2_3034,
ip_2_3035,
ip_2_3036,
ip_2_3037,
ip_2_3038,
ip_2_3039,
ip_2_3040,
ip_2_3041,
ip_2_3042,
ip_2_3043,
ip_2_3044,
ip_2_3045,
ip_2_3046,
ip_2_3047,
ip_2_3048,
ip_2_3049,
ip_2_3050,
ip_2_3051,
ip_2_3052,
ip_2_3053,
ip_2_3054,
ip_2_3055,
ip_2_3056,
ip_2_3057,
ip_2_3058,
ip_2_3059,
ip_2_3060,
ip_2_3061,
ip_2_3062,
ip_2_3063,
ip_2_3064,
ip_2_3065,
ip_2_3066,
ip_2_3067,
ip_2_3068,
ip_2_3069,
ip_2_3070,
ip_2_3071,
ip_2_3072,
ip_2_3073,
ip_2_3074,
ip_2_3075,
ip_2_3076,
ip_2_3077,
ip_2_3078,
ip_2_3079,
ip_2_3080,
ip_2_3081,
ip_2_3082,
ip_2_3083,
ip_2_3084,
ip_2_3085,
ip_2_3086,
ip_2_3087,
ip_2_3088,
ip_2_3089,
ip_2_3090,
ip_2_3091,
ip_2_3092,
ip_2_3093,
ip_2_3094,
ip_2_3095,
ip_2_3096,
ip_2_3097,
ip_2_3098,
ip_2_3099,
ip_2_3100,
ip_2_3101,
ip_2_3102,
ip_2_3103,
ip_2_3104,
ip_2_3105,
ip_2_3106,
ip_2_3107,
ip_2_3108,
ip_2_3109,
ip_2_3110,
ip_2_3111,
ip_2_3112,
ip_2_3113,
ip_2_3114,
ip_2_3115,
ip_2_3116,
ip_2_3117,
ip_2_3118,
ip_2_3119,
ip_2_3120,
ip_2_3121,
ip_2_3122,
ip_2_3123,
ip_2_3124,
ip_2_3125,
ip_2_3126,
ip_2_3127,
ip_2_3128,
ip_2_3129,
ip_2_3130,
ip_2_3131,
ip_2_3132,
ip_2_3133,
ip_2_3134,
ip_2_3135,
ip_2_3136,
ip_2_3137,
ip_2_3138,
ip_2_3139,
ip_2_3140,
ip_2_3141,
ip_2_3142,
ip_2_3143,
ip_2_3144,
ip_2_3145,
ip_2_3146,
ip_2_3147,
ip_2_3148,
ip_2_3149,
ip_2_3150,
ip_2_3151,
ip_2_3152,
ip_2_3153,
ip_2_3154,
ip_2_3155,
ip_2_3156,
ip_2_3157,
ip_2_3158,
ip_2_3159,
ip_2_3160,
ip_2_3161,
ip_2_3162,
ip_2_3163,
ip_2_3164,
ip_2_3165,
ip_2_3166,
ip_2_3167,
ip_2_3168,
ip_2_3169,
ip_2_3170,
ip_2_3171,
ip_2_3172,
ip_2_3173,
ip_2_3174,
ip_2_3175,
ip_2_3176,
ip_2_3177,
ip_2_3178,
ip_2_3179,
ip_2_3180,
ip_2_3181,
ip_2_3182,
ip_2_3183,
ip_2_3184,
ip_2_3185,
ip_2_3186,
ip_2_3187,
ip_2_3188,
ip_2_3189,
ip_2_3190,
ip_2_3191,
ip_2_3192,
ip_2_3193,
ip_2_3194,
ip_2_3195,
ip_2_3196,
ip_2_3197,
ip_2_3198,
ip_2_3199,
ip_2_3200,
ip_2_3201,
ip_2_3202,
ip_2_3203,
ip_2_3204,
ip_2_3205,
ip_2_3206,
ip_2_3207,
ip_2_3208,
ip_2_3209,
ip_2_3210,
ip_2_3211,
ip_2_3212,
ip_2_3213,
ip_2_3214,
ip_2_3215,
ip_2_3216,
ip_2_3217,
ip_2_3218,
ip_2_3219,
ip_2_3220,
ip_2_3221,
ip_2_3222,
ip_2_3223,
ip_2_3224,
ip_2_3225,
ip_2_3226,
ip_2_3227,
ip_2_3228,
ip_2_3229,
ip_2_3230,
ip_2_3231,
ip_2_3232,
ip_2_3233,
ip_2_3234,
ip_2_3235,
ip_2_3236,
ip_2_3237,
ip_2_3238,
ip_2_3239,
ip_2_3240,
ip_2_3241,
ip_2_3242,
ip_2_3243,
ip_2_3244,
ip_2_3245,
ip_2_3246,
ip_2_3247,
ip_2_3248,
ip_2_3249,
ip_2_3250,
ip_2_3251,
ip_2_3252,
ip_2_3253,
ip_2_3254,
ip_2_3255,
ip_2_3256,
ip_2_3257,
ip_2_3258,
ip_2_3259,
ip_2_3260,
ip_2_3261,
ip_2_3262,
ip_2_3263,
ip_2_3264,
ip_2_3265,
ip_2_3266,
ip_2_3267,
ip_2_3268,
ip_2_3269,
ip_2_3270,
ip_2_3271,
ip_2_3272,
ip_2_3273,
ip_2_3274,
ip_2_3275,
ip_2_3276,
ip_2_3277,
ip_2_3278,
ip_2_3279,
ip_2_3280,
ip_2_3281,
ip_2_3282,
ip_2_3283,
ip_2_3284,
ip_2_3285,
ip_2_3286,
ip_2_3287,
ip_2_3288,
ip_2_3289,
ip_2_3290,
ip_2_3291,
ip_2_3292,
ip_2_3293,
ip_2_3294,
ip_2_3295,
ip_2_3296,
ip_2_3297,
ip_2_3298,
ip_2_3299,
ip_2_3300,
ip_2_3301,
ip_2_3302,
ip_2_3303,
ip_2_3304,
ip_2_3305,
ip_2_3306,
ip_2_3307,
ip_2_3308,
ip_2_3309,
ip_2_3310,
ip_2_3311,
ip_2_3312,
ip_2_3313,
ip_2_3314,
ip_2_3315,
ip_2_3316,
ip_2_3317,
ip_2_3318,
ip_2_3319,
ip_2_3320,
ip_2_3321,
ip_2_3322,
ip_2_3323,
ip_2_3324,
ip_2_3325,
ip_2_3326,
ip_2_3327,
ip_2_3328,
ip_2_3329,
ip_2_3330,
ip_2_3331,
ip_2_3332,
ip_2_3333,
ip_2_3334,
ip_2_3335,
ip_2_3336,
ip_2_3337,
ip_2_3338,
ip_2_3339,
ip_2_3340,
ip_2_3341,
ip_2_3342,
ip_2_3343,
ip_2_3344,
ip_2_3345,
ip_2_3346,
ip_2_3347,
ip_2_3348,
ip_2_3349,
ip_2_3350,
ip_2_3351,
ip_2_3352,
ip_2_3353,
ip_2_3354,
ip_2_3355,
ip_2_3356,
ip_2_3357,
ip_2_3358,
ip_2_3359,
ip_2_3360,
ip_2_3361,
ip_2_3362,
ip_2_3363,
ip_2_3364,
ip_2_3365,
ip_2_3366,
ip_2_3367,
ip_2_3368,
ip_2_3369,
ip_2_3370,
ip_2_3371,
ip_2_3372,
ip_2_3373,
ip_2_3374,
ip_2_3375,
ip_2_3376,
ip_2_3377,
ip_2_3378,
ip_2_3379,
ip_2_3380,
ip_2_3381,
ip_2_3382,
ip_2_3383,
ip_2_3384,
ip_2_3385,
ip_2_3386,
ip_2_3387,
ip_2_3388,
ip_2_3389,
ip_2_3390,
ip_2_3391,
ip_2_3392,
ip_2_3393,
ip_2_3394,
ip_2_3395,
ip_2_3396,
ip_2_3397,
ip_2_3398,
ip_2_3399,
ip_2_3400,
ip_2_3401,
ip_2_3402,
ip_2_3403,
ip_2_3404,
ip_2_3405,
ip_2_3406,
ip_2_3407,
ip_2_3408,
ip_2_3409,
ip_2_3410,
ip_2_3411,
ip_2_3412,
ip_2_3413,
ip_2_3414,
ip_2_3415,
ip_2_3416,
ip_2_3417,
ip_2_3418,
ip_2_3419,
ip_2_3420,
ip_2_3421,
ip_2_3422,
ip_2_3423,
ip_2_3424,
ip_2_3425,
ip_2_3426,
ip_2_3427,
ip_2_3428,
ip_2_3429,
ip_2_3430,
ip_2_3431,
ip_2_3432,
ip_2_3433,
ip_2_3434,
ip_2_3435,
ip_2_3436,
ip_2_3437,
ip_2_3438,
ip_2_3439,
ip_2_3440,
ip_2_3441,
ip_2_3442,
ip_2_3443,
ip_2_3444,
ip_2_3445,
ip_2_3446,
ip_2_3447,
ip_2_3448,
ip_2_3449,
ip_2_3450,
ip_2_3451,
ip_2_3452,
ip_2_3453,
ip_2_3454,
ip_2_3455,
ip_2_3456,
ip_2_3457,
ip_2_3458,
ip_2_3459,
ip_2_3460,
ip_2_3461,
ip_2_3462,
ip_2_3463,
ip_2_3464,
ip_2_3465,
ip_2_3466,
ip_2_3467,
ip_2_3468,
ip_2_3469,
ip_2_3470,
ip_2_3471,
ip_2_3472,
ip_2_3473,
ip_2_3474,
ip_2_3475,
ip_2_3476,
ip_2_3477,
ip_2_3478,
ip_2_3479,
ip_2_3480,
ip_2_3481,
ip_2_3482,
ip_2_3483,
ip_2_3484,
ip_2_3485,
ip_2_3486,
ip_2_3487,
ip_2_3488,
ip_2_3489,
ip_2_3490,
ip_2_3491,
ip_2_3492,
ip_2_3493,
ip_2_3494,
ip_2_3495,
ip_2_3496,
ip_2_3497,
ip_2_3498,
ip_2_3499,
ip_2_3500,
ip_2_3501,
ip_2_3502,
ip_2_3503,
ip_2_3504,
ip_2_3505,
ip_2_3506,
ip_2_3507,
ip_2_3508,
ip_2_3509,
ip_2_3510,
ip_2_3511,
ip_2_3512,
ip_2_3513,
ip_2_3514,
ip_2_3515,
ip_2_3516,
ip_2_3517,
ip_2_3518,
ip_2_3519,
ip_2_3520,
ip_2_3521,
ip_2_3522,
ip_2_3523,
ip_2_3524,
ip_2_3525,
ip_2_3526,
ip_2_3527,
ip_2_3528,
ip_2_3529,
ip_2_3530,
ip_2_3531,
ip_2_3532,
ip_2_3533,
ip_2_3534,
ip_2_3535,
ip_2_3536,
ip_2_3537,
ip_2_3538,
ip_2_3539,
ip_2_3540,
ip_2_3541,
ip_2_3542,
ip_2_3543,
ip_2_3544,
ip_2_3545,
ip_2_3546,
ip_2_3547,
ip_2_3548,
ip_2_3549,
ip_2_3550,
ip_2_3551,
ip_2_3552,
ip_2_3553,
ip_2_3554,
ip_2_3555,
ip_2_3556,
ip_2_3557,
ip_2_3558,
ip_2_3559,
ip_2_3560,
ip_2_3561,
ip_2_3562,
ip_2_3563,
ip_2_3564,
ip_2_3565,
ip_2_3566,
ip_2_3567,
ip_2_3568,
ip_2_3569,
ip_2_3570,
ip_2_3571,
ip_2_3572,
ip_2_3573,
ip_2_3574,
ip_2_3575,
ip_2_3576,
ip_2_3577,
ip_2_3578,
ip_2_3579,
ip_2_3580,
ip_2_3581,
ip_2_3582,
ip_2_3583,
ip_2_3584,
ip_2_3585,
ip_2_3586,
ip_2_3587,
ip_2_3588,
ip_2_3589,
ip_2_3590,
ip_2_3591,
ip_2_3592,
ip_2_3593,
ip_2_3594,
ip_2_3595,
ip_2_3596,
ip_2_3597,
ip_2_3598,
ip_2_3599,
ip_2_3600,
ip_2_3601,
ip_2_3602,
ip_2_3603,
ip_2_3604,
ip_2_3605,
ip_2_3606,
ip_2_3607,
ip_2_3608,
ip_2_3609,
ip_2_3610,
ip_2_3611,
ip_2_3612,
ip_2_3613,
ip_2_3614,
ip_2_3615,
ip_2_3616,
ip_2_3617,
ip_2_3618,
ip_2_3619,
ip_2_3620,
ip_2_3621,
ip_2_3622,
ip_2_3623,
ip_2_3624,
ip_2_3625,
ip_2_3626,
ip_2_3627,
ip_2_3628,
ip_2_3629,
ip_2_3630,
ip_2_3631,
ip_2_3632,
ip_2_3633,
ip_2_3634,
ip_2_3635,
ip_2_3636,
ip_2_3637,
ip_2_3638,
ip_2_3639,
ip_2_3640,
ip_2_3641,
ip_2_3642,
ip_2_3643,
ip_2_3644,
ip_2_3645,
ip_2_3646,
ip_2_3647,
ip_2_3648,
ip_2_3649,
ip_2_3650,
ip_2_3651,
ip_2_3652,
ip_2_3653,
ip_2_3654,
ip_2_3655,
ip_2_3656,
ip_2_3657,
ip_2_3658,
ip_2_3659,
ip_2_3660,
ip_2_3661,
ip_2_3662,
ip_2_3663,
ip_2_3664,
ip_2_3665,
ip_2_3666,
ip_2_3667,
ip_2_3668,
ip_2_3669,
ip_2_3670,
ip_2_3671,
ip_2_3672,
ip_2_3673,
ip_2_3674,
ip_2_3675,
ip_2_3676,
ip_2_3677,
ip_2_3678,
ip_2_3679,
ip_2_3680,
ip_2_3681,
ip_2_3682,
ip_2_3683,
ip_2_3684,
ip_2_3685,
ip_2_3686,
ip_2_3687,
ip_2_3688,
ip_2_3689,
ip_2_3690,
ip_2_3691,
ip_2_3692,
ip_2_3693,
ip_2_3694,
ip_2_3695,
ip_2_3696,
ip_2_3697,
ip_2_3698,
ip_2_3699,
ip_2_3700,
ip_2_3701,
ip_2_3702,
ip_2_3703,
ip_2_3704,
ip_2_3705,
ip_2_3706,
ip_2_3707,
ip_2_3708,
ip_2_3709,
ip_2_3710,
ip_2_3711,
ip_2_3712,
ip_2_3713,
ip_2_3714,
ip_2_3715,
ip_2_3716,
ip_2_3717,
ip_2_3718,
ip_2_3719,
ip_2_3720,
ip_2_3721,
ip_2_3722,
ip_2_3723,
ip_2_3724,
ip_2_3725,
ip_2_3726,
ip_2_3727,
ip_2_3728,
ip_2_3729,
ip_2_3730,
ip_2_3731,
ip_2_3732,
ip_2_3733,
ip_2_3734,
ip_2_3735,
ip_2_3736,
ip_2_3737,
ip_2_3738,
ip_2_3739,
ip_2_3740,
ip_2_3741,
ip_2_3742,
ip_2_3743,
ip_2_3744,
ip_2_3745,
ip_2_3746,
ip_2_3747,
ip_2_3748,
ip_2_3749,
ip_2_3750,
ip_2_3751,
ip_2_3752,
ip_2_3753,
ip_2_3754,
ip_2_3755,
ip_2_3756,
ip_2_3757,
ip_2_3758,
ip_2_3759,
ip_2_3760,
ip_2_3761,
ip_2_3762,
ip_2_3763,
ip_2_3764,
ip_2_3765,
ip_2_3766,
ip_2_3767,
ip_2_3768,
ip_2_3769,
ip_2_3770,
ip_2_3771,
ip_2_3772,
ip_2_3773,
ip_2_3774,
ip_2_3775,
ip_2_3776,
ip_2_3777,
ip_2_3778,
ip_2_3779,
ip_2_3780,
ip_2_3781,
ip_2_3782,
ip_2_3783,
ip_2_3784,
ip_2_3785,
ip_2_3786,
ip_2_3787,
ip_2_3788,
ip_2_3789,
ip_2_3790,
ip_2_3791,
ip_2_3792,
ip_2_3793,
ip_2_3794,
ip_2_3795,
ip_2_3796,
ip_2_3797,
ip_2_3798,
ip_2_3799,
ip_2_3800,
ip_2_3801,
ip_2_3802,
ip_2_3803,
ip_2_3804,
ip_2_3805,
ip_2_3806,
ip_2_3807,
ip_2_3808,
ip_2_3809,
ip_2_3810,
ip_2_3811,
ip_2_3812,
ip_2_3813,
ip_2_3814,
ip_2_3815,
ip_2_3816,
ip_2_3817,
ip_2_3818,
ip_2_3819,
ip_2_3820,
ip_2_3821,
ip_2_3822,
ip_2_3823,
ip_2_3824,
ip_2_3825,
ip_2_3826,
ip_2_3827,
ip_2_3828,
ip_2_3829,
ip_2_3830,
ip_2_3831,
ip_2_3832,
ip_2_3833,
ip_2_3834,
ip_2_3835,
ip_2_3836,
ip_2_3837,
ip_2_3838,
ip_2_3839,
ip_2_3840,
ip_2_3841,
ip_2_3842,
ip_2_3843,
ip_2_3844,
ip_2_3845,
ip_2_3846,
ip_2_3847,
ip_2_3848,
ip_2_3849,
ip_2_3850,
ip_2_3851,
ip_2_3852,
ip_2_3853,
ip_2_3854,
ip_2_3855,
ip_2_3856,
ip_2_3857,
ip_2_3858,
ip_2_3859,
ip_2_3860,
ip_2_3861,
ip_2_3862,
ip_2_3863,
ip_2_3864,
ip_2_3865,
ip_2_3866,
ip_2_3867,
ip_2_3868,
ip_2_3869,
ip_2_3870,
ip_2_3871,
ip_2_3872,
ip_2_3873,
ip_2_3874,
ip_2_3875,
ip_2_3876,
ip_2_3877,
ip_2_3878,
ip_2_3879,
ip_2_3880,
ip_2_3881,
ip_2_3882,
ip_2_3883,
ip_2_3884,
ip_2_3885,
ip_2_3886,
ip_2_3887,
ip_2_3888,
ip_2_3889,
ip_2_3890,
ip_2_3891,
ip_2_3892,
ip_2_3893,
ip_2_3894,
ip_2_3895,
ip_2_3896,
ip_2_3897,
ip_2_3898,
ip_2_3899,
ip_2_3900,
ip_2_3901,
ip_2_3902,
ip_2_3903,
ip_2_3904,
ip_2_3905,
ip_2_3906,
ip_2_3907,
ip_2_3908,
ip_2_3909,
ip_2_3910,
ip_2_3911,
ip_2_3912,
ip_2_3913,
ip_2_3914,
ip_2_3915,
ip_2_3916,
ip_2_3917,
ip_2_3918,
ip_2_3919,
ip_2_3920,
ip_2_3921,
ip_2_3922,
ip_2_3923,
ip_2_3924,
ip_2_3925,
ip_2_3926,
ip_2_3927,
ip_2_3928,
ip_2_3929,
ip_2_3930,
ip_2_3931,
ip_2_3932,
ip_2_3933,
ip_2_3934,
ip_2_3935,
ip_2_3936,
ip_2_3937,
ip_2_3938,
ip_2_3939,
ip_2_3940,
ip_2_3941,
ip_2_3942,
ip_2_3943,
ip_2_3944,
ip_2_3945,
ip_2_3946,
ip_2_3947,
ip_2_3948,
ip_2_3949,
ip_2_3950,
ip_2_3951,
ip_2_3952,
ip_2_3953,
ip_2_3954,
ip_2_3955,
ip_2_3956,
ip_2_3957,
ip_2_3958,
ip_2_3959,
ip_2_3960,
ip_2_3961,
ip_2_3962,
ip_2_3963,
ip_2_3964,
ip_2_3965,
ip_2_3966,
ip_2_3967,
ip_2_3968,
ip_2_3969,
ip_2_3970,
ip_2_3971,
ip_2_3972,
ip_2_3973,
ip_2_3974,
ip_2_3975,
ip_2_3976,
ip_2_3977,
ip_2_3978,
ip_2_3979,
ip_2_3980,
ip_2_3981,
ip_2_3982,
ip_2_3983,
ip_2_3984,
ip_2_3985,
ip_2_3986,
ip_2_3987,
ip_2_3988,
ip_2_3989,
ip_2_3990,
ip_2_3991,
ip_2_3992,
ip_2_3993,
ip_2_3994,
ip_2_3995,
ip_2_3996,
ip_2_3997,
ip_2_3998,
ip_2_3999,
ip_2_4000,
ip_2_4001,
ip_2_4002,
ip_2_4003,
ip_2_4004,
ip_2_4005,
ip_2_4006,
ip_2_4007,
ip_2_4008,
ip_2_4009,
ip_2_4010,
ip_2_4011,
ip_2_4012,
ip_2_4013,
ip_2_4014,
ip_2_4015,
ip_2_4016,
ip_2_4017,
ip_2_4018,
ip_2_4019,
ip_2_4020,
ip_2_4021,
ip_2_4022,
ip_2_4023,
ip_2_4024,
ip_2_4025,
ip_2_4026,
ip_2_4027,
ip_2_4028,
ip_2_4029,
ip_2_4030,
ip_2_4031,
ip_2_4032,
ip_2_4033,
ip_2_4034,
ip_2_4035,
ip_2_4036,
ip_2_4037,
ip_2_4038,
ip_2_4039,
ip_2_4040,
ip_2_4041,
ip_2_4042,
ip_2_4043,
ip_2_4044,
ip_2_4045,
ip_2_4046,
ip_2_4047,
ip_2_4048,
ip_2_4049,
ip_2_4050,
ip_2_4051,
ip_2_4052,
ip_2_4053,
ip_2_4054,
ip_2_4055,
ip_2_4056,
ip_2_4057,
ip_2_4058,
ip_2_4059,
ip_2_4060,
ip_2_4061,
ip_2_4062,
ip_2_4063,
ip_2_4064,
ip_2_4065,
ip_2_4066,
ip_2_4067,
ip_2_4068,
ip_2_4069,
ip_2_4070,
ip_2_4071,
ip_2_4072,
ip_2_4073,
ip_2_4074,
ip_2_4075,
ip_2_4076,
ip_2_4077,
ip_2_4078,
ip_2_4079,
ip_2_4080,
ip_2_4081,
ip_2_4082,
ip_2_4083,
ip_2_4084,
ip_2_4085,
ip_2_4086,
ip_2_4087,
ip_2_4088,
ip_2_4089,
ip_2_4090,
ip_2_4091,
ip_2_4092,
ip_2_4093,
ip_2_4094,
ip_2_4095,
ip_2_4096,
ip_2_4097,
ip_2_4098,
ip_2_4099,
ip_2_4100,
ip_2_4101,
ip_2_4102,
ip_2_4103,
ip_2_4104,
ip_2_4105,
ip_2_4106,
ip_2_4107,
ip_2_4108,
ip_2_4109,
ip_2_4110,
ip_2_4111,
ip_2_4112,
ip_2_4113,
ip_2_4114,
ip_2_4115,
ip_2_4116,
ip_2_4117,
ip_2_4118,
ip_2_4119,
ip_2_4120,
ip_2_4121,
ip_2_4122,
ip_2_4123,
ip_2_4124,
ip_2_4125,
ip_2_4126,
ip_2_4127,
ip_2_4128,
ip_2_4129,
ip_2_4130,
ip_2_4131,
ip_2_4132,
ip_2_4133,
ip_2_4134,
ip_2_4135,
ip_2_4136,
ip_2_4137,
ip_2_4138,
ip_2_4139,
ip_2_4140,
ip_2_4141,
ip_2_4142,
ip_2_4143,
ip_2_4144,
ip_2_4145,
ip_2_4146,
ip_2_4147,
ip_2_4148,
ip_2_4149,
ip_2_4150,
ip_2_4151,
ip_2_4152,
ip_2_4153,
ip_2_4154,
ip_2_4155,
ip_2_4156,
ip_2_4157,
ip_2_4158,
ip_2_4159,
ip_2_4160,
ip_2_4161,
ip_2_4162,
ip_2_4163,
ip_2_4164,
ip_2_4165,
ip_2_4166,
ip_2_4167,
ip_2_4168,
ip_2_4169,
ip_2_4170,
ip_2_4171,
ip_2_4172,
ip_2_4173,
ip_2_4174,
ip_2_4175,
ip_2_4176,
ip_2_4177,
ip_2_4178,
ip_2_4179,
ip_2_4180,
ip_2_4181,
ip_2_4182,
ip_2_4183,
ip_2_4184,
ip_2_4185,
ip_2_4186,
ip_2_4187,
ip_2_4188,
ip_2_4189,
ip_2_4190,
ip_2_4191,
ip_2_4192,
ip_2_4193,
ip_2_4194,
ip_2_4195,
ip_2_4196,
ip_2_4197,
ip_2_4198,
ip_2_4199,
ip_2_4200,
ip_2_4201,
ip_2_4202,
ip_2_4203,
ip_2_4204,
ip_2_4205,
ip_2_4206,
ip_2_4207,
ip_2_4208,
ip_2_4209,
ip_2_4210,
ip_2_4211,
ip_2_4212,
ip_2_4213,
ip_2_4214,
ip_2_4215,
ip_2_4216,
ip_2_4217,
ip_2_4218,
ip_2_4219,
ip_2_4220,
ip_2_4221,
ip_2_4222,
ip_2_4223,
ip_2_4224,
ip_2_4225,
ip_2_4226,
ip_2_4227,
ip_2_4228,
ip_2_4229,
ip_2_4230,
ip_2_4231,
ip_2_4232,
ip_2_4233,
ip_2_4234,
ip_2_4235,
ip_2_4236,
ip_2_4237,
ip_2_4238,
ip_2_4239,
ip_2_4240,
ip_2_4241,
ip_2_4242,
ip_2_4243,
ip_2_4244,
ip_2_4245,
ip_2_4246,
ip_2_4247,
ip_2_4248,
ip_2_4249,
ip_2_4250,
ip_2_4251,
ip_2_4252,
ip_2_4253,
ip_2_4254,
ip_2_4255,
ip_2_4256,
ip_2_4257,
ip_2_4258,
ip_2_4259,
ip_2_4260,
ip_2_4261,
ip_2_4262,
ip_2_4263,
ip_2_4264,
ip_2_4265,
ip_2_4266,
ip_2_4267,
ip_2_4268,
ip_2_4269,
ip_2_4270,
ip_2_4271,
ip_2_4272,
ip_2_4273,
ip_2_4274,
ip_2_4275,
ip_2_4276,
ip_2_4277,
ip_2_4278,
ip_2_4279,
ip_2_4280,
ip_2_4281,
ip_2_4282,
ip_2_4283,
ip_2_4284,
ip_2_4285,
ip_2_4286,
ip_2_4287,
ip_2_4288,
ip_2_4289,
ip_2_4290,
ip_2_4291,
ip_2_4292,
ip_2_4293,
ip_2_4294,
ip_2_4295,
ip_2_4296,
ip_2_4297,
ip_2_4298,
ip_2_4299,
ip_2_4300,
ip_2_4301,
ip_2_4302,
ip_2_4303,
ip_2_4304,
ip_2_4305,
ip_2_4306,
ip_2_4307,
ip_2_4308,
ip_2_4309,
ip_2_4310,
ip_2_4311,
ip_2_4312,
ip_2_4313,
ip_2_4314,
ip_2_4315,
ip_2_4316,
ip_2_4317,
ip_2_4318,
ip_2_4319,
ip_2_4320,
ip_2_4321,
ip_2_4322,
ip_2_4323,
ip_2_4324,
ip_2_4325,
ip_2_4326,
ip_2_4327,
ip_2_4328,
ip_2_4329,
ip_2_4330,
ip_2_4331,
ip_2_4332,
ip_2_4333,
ip_2_4334,
ip_2_4335,
ip_2_4336,
ip_2_4337,
ip_2_4338,
ip_2_4339,
ip_2_4340,
ip_2_4341,
ip_2_4342,
ip_2_4343,
ip_2_4344,
ip_2_4345,
ip_2_4346,
ip_2_4347,
ip_2_4348,
ip_2_4349,
ip_2_4350,
ip_2_4351,
ip_2_4352,
ip_2_4353,
ip_2_4354,
ip_2_4355,
ip_2_4356,
ip_2_4357,
ip_2_4358,
ip_2_4359,
ip_2_4360,
ip_2_4361,
ip_2_4362,
ip_2_4363,
ip_2_4364,
ip_2_4365,
ip_2_4366,
ip_2_4367,
ip_2_4368,
ip_2_4369,
ip_2_4370,
ip_2_4371,
ip_2_4372,
ip_2_4373,
ip_2_4374,
ip_2_4375,
ip_2_4376,
ip_2_4377,
ip_2_4378,
ip_2_4379,
ip_2_4380,
ip_2_4381,
ip_2_4382,
ip_2_4383,
ip_2_4384,
ip_2_4385,
ip_2_4386,
ip_2_4387,
ip_2_4388,
ip_2_4389,
ip_2_4390,
ip_2_4391,
ip_2_4392,
ip_2_4393,
ip_2_4394,
ip_2_4395,
ip_2_4396,
ip_2_4397,
ip_2_4398,
ip_2_4399,
ip_2_4400,
ip_2_4401,
ip_2_4402,
ip_2_4403,
ip_2_4404,
ip_2_4405,
ip_2_4406,
ip_2_4407,
ip_2_4408,
ip_2_4409,
ip_2_4410,
ip_2_4411,
ip_2_4412,
ip_2_4413,
ip_2_4414,
ip_2_4415,
ip_2_4416,
ip_2_4417,
ip_2_4418,
ip_2_4419,
ip_2_4420,
ip_2_4421,
ip_2_4422,
ip_2_4423,
ip_2_4424,
ip_2_4425,
ip_2_4426,
ip_2_4427,
ip_2_4428,
ip_2_4429,
ip_2_4430,
ip_2_4431,
ip_2_4432,
ip_2_4433,
ip_2_4434,
ip_2_4435,
ip_2_4436,
ip_2_4437,
ip_2_4438,
ip_2_4439,
ip_2_4440,
ip_2_4441,
ip_2_4442,
ip_2_4443,
ip_2_4444,
ip_2_4445,
ip_2_4446,
ip_2_4447,
ip_2_4448,
ip_2_4449,
ip_2_4450,
ip_2_4451,
ip_2_4452,
ip_2_4453,
ip_2_4454,
ip_2_4455,
ip_2_4456,
ip_2_4457,
ip_2_4458,
ip_2_4459,
ip_2_4460,
ip_2_4461,
ip_2_4462,
ip_2_4463,
ip_2_4464,
ip_2_4465,
ip_2_4466,
ip_2_4467,
ip_2_4468,
ip_2_4469,
ip_2_4470,
ip_2_4471,
ip_2_4472,
ip_2_4473,
ip_2_4474,
ip_2_4475,
ip_2_4476,
ip_2_4477,
ip_2_4478,
ip_2_4479,
ip_2_4480,
ip_2_4481,
ip_2_4482,
ip_2_4483,
ip_2_4484,
ip_2_4485,
ip_2_4486,
ip_2_4487,
ip_2_4488,
ip_2_4489,
ip_2_4490,
ip_2_4491,
ip_2_4492,
ip_2_4493,
ip_2_4494,
ip_2_4495,
ip_2_4496,
ip_2_4497,
ip_2_4498,
ip_2_4499,
ip_2_4500,
ip_2_4501,
ip_2_4502,
ip_2_4503,
ip_2_4504,
ip_2_4505,
ip_2_4506,
ip_2_4507,
ip_2_4508,
ip_2_4509,
ip_2_4510,
ip_2_4511,
ip_2_4512,
ip_2_4513,
ip_2_4514,
ip_2_4515,
ip_2_4516,
ip_2_4517,
ip_2_4518,
ip_2_4519,
ip_2_4520,
ip_2_4521,
ip_2_4522,
ip_2_4523,
ip_2_4524,
ip_2_4525,
ip_2_4526,
ip_2_4527,
ip_2_4528,
ip_2_4529,
ip_2_4530,
ip_2_4531,
ip_2_4532,
ip_2_4533,
ip_2_4534,
ip_2_4535,
ip_2_4536,
ip_2_4537,
ip_2_4538,
ip_2_4539,
ip_2_4540,
ip_2_4541,
ip_2_4542,
ip_2_4543,
ip_2_4544,
ip_2_4545,
ip_2_4546,
ip_2_4547,
ip_2_4548,
ip_2_4549,
ip_2_4550,
ip_2_4551,
ip_2_4552,
ip_2_4553,
ip_2_4554,
ip_2_4555,
ip_2_4556,
ip_2_4557,
ip_2_4558,
ip_2_4559,
ip_2_4560,
ip_2_4561,
ip_2_4562,
ip_2_4563,
ip_2_4564,
ip_2_4565,
ip_2_4566,
ip_2_4567,
ip_2_4568,
ip_2_4569,
ip_2_4570,
ip_2_4571,
ip_2_4572,
ip_2_4573,
ip_2_4574,
ip_2_4575,
ip_2_4576,
ip_2_4577,
ip_2_4578,
ip_2_4579,
ip_2_4580,
ip_2_4581,
ip_2_4582,
ip_2_4583,
ip_2_4584,
ip_2_4585,
ip_2_4586,
ip_2_4587,
ip_2_4588,
ip_2_4589,
ip_2_4590,
ip_2_4591,
ip_2_4592,
ip_2_4593,
ip_2_4594,
ip_2_4595,
ip_2_4596,
ip_2_4597,
ip_2_4598,
ip_2_4599,
ip_2_4600,
ip_2_4601,
ip_2_4602,
ip_2_4603,
ip_2_4604,
ip_2_4605,
ip_2_4606,
ip_2_4607,
ip_2_4608,
ip_2_4609,
ip_2_4610,
ip_2_4611,
ip_2_4612,
ip_2_4613,
ip_2_4614,
ip_2_4615,
ip_2_4616,
ip_2_4617,
ip_2_4618,
ip_2_4619,
ip_2_4620,
ip_2_4621,
ip_2_4622,
ip_2_4623,
ip_2_4624,
ip_2_4625,
ip_2_4626,
ip_2_4627,
ip_2_4628,
ip_2_4629,
ip_2_4630,
ip_2_4631,
ip_2_4632,
ip_2_4633,
ip_2_4634,
ip_2_4635,
ip_2_4636,
ip_2_4637,
ip_2_4638,
ip_2_4639,
ip_2_4640,
ip_2_4641,
ip_2_4642,
ip_2_4643,
ip_2_4644,
ip_2_4645,
ip_2_4646,
ip_2_4647,
ip_2_4648,
ip_2_4649,
ip_2_4650,
ip_2_4651,
ip_2_4652,
ip_2_4653,
ip_2_4654,
ip_2_4655,
ip_2_4656,
ip_2_4657,
ip_2_4658,
ip_2_4659,
ip_2_4660,
ip_2_4661,
ip_2_4662,
ip_2_4663,
ip_2_4664,
ip_2_4665,
ip_2_4666,
ip_2_4667,
ip_2_4668,
ip_2_4669,
ip_2_4670,
ip_2_4671,
ip_2_4672,
ip_2_4673,
ip_2_4674,
ip_2_4675,
ip_2_4676,
ip_2_4677,
ip_2_4678,
ip_2_4679,
ip_2_4680,
ip_2_4681,
ip_2_4682,
ip_2_4683,
ip_2_4684,
ip_2_4685,
ip_2_4686,
ip_2_4687,
ip_2_4688,
ip_2_4689,
ip_2_4690,
ip_2_4691,
ip_2_4692,
ip_2_4693,
ip_2_4694,
ip_2_4695,
ip_2_4696,
ip_2_4697,
ip_2_4698,
ip_2_4699,
ip_2_4700,
ip_2_4701,
ip_2_4702,
ip_2_4703,
ip_2_4704,
ip_2_4705,
ip_2_4706,
ip_2_4707,
ip_2_4708,
ip_2_4709,
ip_2_4710,
ip_2_4711,
ip_2_4712,
ip_2_4713,
ip_2_4714,
ip_2_4715,
ip_2_4716,
ip_2_4717,
ip_2_4718,
ip_2_4719,
ip_2_4720,
ip_2_4721,
ip_2_4722,
ip_2_4723,
ip_2_4724,
ip_2_4725,
ip_2_4726,
ip_2_4727,
ip_2_4728,
ip_2_4729,
ip_2_4730,
ip_2_4731,
ip_2_4732,
ip_2_4733,
ip_2_4734,
ip_2_4735,
ip_2_4736,
ip_2_4737,
ip_2_4738,
ip_2_4739,
ip_2_4740,
ip_2_4741,
ip_2_4742,
ip_2_4743,
ip_2_4744,
ip_2_4745,
ip_2_4746,
ip_2_4747,
ip_2_4748,
ip_2_4749,
ip_2_4750,
ip_2_4751,
ip_2_4752,
ip_2_4753,
ip_2_4754,
ip_2_4755,
ip_2_4756,
ip_2_4757,
ip_2_4758,
ip_2_4759,
ip_2_4760,
ip_2_4761,
ip_2_4762,
ip_2_4763,
ip_2_4764,
ip_2_4765,
ip_2_4766,
ip_2_4767,
ip_2_4768,
ip_2_4769,
ip_2_4770,
ip_2_4771,
ip_2_4772,
ip_2_4773,
ip_2_4774,
ip_2_4775,
ip_2_4776,
ip_2_4777,
ip_2_4778,
ip_2_4779,
ip_2_4780,
ip_2_4781,
ip_2_4782,
ip_2_4783,
ip_2_4784,
ip_2_4785,
ip_2_4786,
ip_2_4787,
ip_2_4788,
ip_2_4789,
ip_2_4790,
ip_2_4791,
ip_2_4792,
ip_2_4793,
ip_2_4794,
ip_2_4795,
ip_2_4796,
ip_2_4797,
ip_2_4798,
ip_2_4799,
ip_2_4800,
ip_2_4801,
ip_2_4802,
ip_2_4803,
ip_2_4804,
ip_2_4805,
ip_2_4806,
ip_2_4807,
ip_2_4808,
ip_2_4809,
ip_2_4810,
ip_2_4811,
ip_2_4812,
ip_2_4813,
ip_2_4814,
ip_2_4815,
ip_2_4816,
ip_2_4817,
ip_2_4818,
ip_2_4819,
ip_2_4820,
ip_2_4821,
ip_2_4822,
ip_2_4823,
ip_2_4824,
ip_2_4825,
ip_2_4826,
ip_2_4827,
ip_2_4828,
ip_2_4829,
ip_2_4830,
ip_2_4831,
ip_2_4832,
ip_2_4833,
ip_2_4834,
ip_2_4835,
ip_2_4836,
ip_2_4837,
ip_2_4838,
ip_2_4839,
ip_2_4840,
ip_2_4841,
ip_2_4842,
ip_2_4843,
ip_2_4844,
ip_2_4845,
ip_2_4846,
ip_2_4847,
ip_2_4848,
ip_2_4849,
ip_2_4850,
ip_2_4851,
ip_2_4852,
ip_2_4853,
ip_2_4854,
ip_2_4855,
ip_2_4856,
ip_2_4857,
ip_2_4858,
ip_2_4859,
ip_2_4860,
ip_2_4861,
ip_2_4862,
ip_2_4863,
ip_2_4864,
ip_2_4865,
ip_2_4866,
ip_2_4867,
ip_2_4868,
ip_2_4869,
ip_2_4870,
ip_2_4871,
ip_2_4872,
ip_2_4873,
ip_2_4874,
ip_2_4875,
ip_2_4876,
ip_2_4877,
ip_2_4878,
ip_2_4879,
ip_2_4880,
ip_2_4881,
ip_2_4882,
ip_2_4883,
ip_2_4884,
ip_2_4885,
ip_2_4886,
ip_2_4887,
ip_2_4888,
ip_2_4889,
ip_2_4890,
ip_2_4891,
ip_2_4892,
ip_2_4893,
ip_2_4894,
ip_2_4895,
ip_2_4896,
ip_2_4897,
ip_2_4898,
ip_2_4899,
ip_2_4900,
ip_2_4901,
ip_2_4902,
ip_2_4903,
ip_2_4904,
ip_2_4905,
ip_2_4906,
ip_2_4907,
ip_2_4908,
ip_2_4909,
ip_2_4910,
ip_2_4911,
ip_2_4912,
ip_2_4913,
ip_2_4914,
ip_2_4915,
ip_2_4916,
ip_2_4917,
ip_2_4918,
ip_2_4919,
ip_2_4920,
ip_2_4921,
ip_2_4922,
ip_2_4923,
ip_2_4924,
ip_2_4925,
ip_2_4926,
ip_2_4927,
ip_2_4928,
ip_2_4929,
ip_2_4930,
ip_2_4931,
ip_2_4932,
ip_2_4933,
ip_2_4934,
ip_2_4935,
ip_2_4936,
ip_2_4937,
ip_2_4938,
ip_2_4939,
ip_2_4940,
ip_2_4941,
ip_2_4942,
ip_2_4943,
ip_2_4944,
ip_2_4945,
ip_2_4946,
ip_2_4947,
ip_2_4948,
ip_2_4949,
ip_2_4950,
ip_2_4951,
ip_2_4952,
ip_2_4953,
ip_2_4954,
ip_2_4955,
ip_2_4956,
ip_2_4957,
ip_2_4958,
ip_2_4959,
ip_2_4960,
ip_2_4961,
ip_2_4962,
ip_2_4963,
ip_2_4964,
ip_2_4965,
ip_2_4966,
ip_2_4967,
ip_2_4968,
ip_2_4969,
ip_2_4970,
ip_2_4971,
ip_2_4972,
ip_2_4973,
ip_2_4974,
ip_2_4975,
ip_2_4976,
ip_2_4977,
ip_2_4978,
ip_2_4979,
ip_2_4980,
ip_2_4981,
ip_2_4982,
ip_2_4983,
ip_2_4984,
ip_2_4985,
ip_2_4986,
ip_2_4987,
ip_2_4988,
ip_2_4989,
ip_2_4990,
ip_2_4991,
ip_2_4992,
ip_2_4993,
ip_2_4994,
ip_2_4995,
ip_2_4996,
ip_2_4997,
ip_2_4998,
ip_2_4999,
ip_2_5000,
ip_2_5001,
ip_2_5002,
ip_2_5003,
ip_2_5004,
ip_2_5005,
ip_2_5006,
ip_2_5007,
ip_2_5008,
ip_2_5009,
ip_2_5010,
ip_2_5011,
ip_2_5012,
ip_2_5013,
ip_2_5014,
ip_2_5015,
ip_2_5016,
ip_2_5017,
ip_2_5018,
ip_2_5019,
ip_2_5020,
ip_2_5021,
ip_2_5022,
ip_2_5023,
ip_2_5024,
ip_2_5025,
ip_2_5026,
ip_2_5027,
ip_2_5028,
ip_2_5029,
ip_2_5030,
ip_2_5031,
ip_2_5032,
ip_2_5033,
ip_2_5034,
ip_2_5035,
ip_2_5036,
ip_2_5037,
ip_2_5038,
ip_2_5039,
ip_2_5040,
ip_2_5041,
ip_2_5042,
ip_2_5043,
ip_2_5044,
ip_2_5045,
ip_2_5046,
ip_2_5047,
ip_2_5048,
ip_2_5049,
ip_2_5050,
ip_2_5051,
ip_2_5052,
ip_2_5053,
ip_2_5054,
ip_2_5055,
ip_2_5056,
ip_2_5057,
ip_2_5058,
ip_2_5059,
ip_2_5060,
ip_2_5061,
ip_2_5062,
ip_2_5063,
ip_2_5064,
ip_2_5065,
ip_2_5066,
ip_2_5067,
ip_2_5068,
ip_2_5069,
ip_2_5070,
ip_2_5071,
ip_2_5072,
ip_2_5073,
ip_2_5074,
ip_2_5075,
ip_2_5076,
ip_2_5077,
ip_2_5078,
ip_2_5079,
ip_2_5080,
ip_2_5081,
ip_2_5082,
ip_2_5083,
ip_2_5084,
ip_2_5085,
ip_2_5086,
ip_2_5087,
ip_2_5088,
ip_2_5089,
ip_2_5090,
ip_2_5091,
ip_2_5092,
ip_2_5093,
ip_2_5094,
ip_2_5095,
ip_2_5096,
ip_2_5097,
ip_2_5098,
ip_2_5099,
ip_2_5100,
ip_2_5101,
ip_2_5102,
ip_2_5103,
ip_2_5104,
ip_2_5105,
ip_2_5106,
ip_2_5107,
ip_2_5108,
ip_2_5109,
ip_2_5110,
ip_2_5111,
ip_2_5112,
ip_2_5113,
ip_2_5114,
ip_2_5115,
ip_2_5116,
ip_2_5117,
ip_2_5118,
ip_2_5119,
ip_2_5120,
ip_2_5121,
ip_2_5122,
ip_2_5123,
ip_2_5124,
ip_2_5125,
ip_2_5126,
ip_2_5127,
ip_2_5128,
ip_2_5129,
ip_2_5130,
ip_2_5131,
ip_2_5132,
ip_2_5133,
ip_2_5134,
ip_2_5135,
ip_2_5136,
ip_2_5137,
ip_2_5138,
ip_2_5139,
ip_2_5140,
ip_2_5141,
ip_2_5142,
ip_2_5143,
ip_2_5144,
ip_2_5145,
ip_2_5146,
ip_2_5147,
ip_2_5148,
ip_2_5149,
ip_2_5150,
ip_2_5151,
ip_2_5152,
ip_2_5153,
ip_2_5154,
ip_2_5155,
ip_2_5156,
ip_2_5157,
ip_2_5158,
ip_2_5159,
ip_2_5160,
ip_2_5161,
ip_2_5162,
ip_2_5163,
ip_2_5164,
ip_2_5165,
ip_2_5166,
ip_2_5167,
ip_2_5168,
ip_2_5169,
ip_2_5170,
ip_2_5171,
ip_2_5172,
ip_2_5173,
ip_2_5174,
ip_2_5175,
ip_2_5176,
ip_2_5177,
ip_2_5178,
ip_2_5179,
ip_2_5180,
ip_2_5181,
ip_2_5182,
ip_2_5183,
ip_2_5184,
ip_2_5185,
ip_2_5186,
ip_2_5187,
ip_2_5188,
ip_2_5189,
ip_2_5190,
ip_2_5191,
ip_2_5192,
ip_2_5193,
ip_2_5194,
ip_2_5195,
ip_2_5196,
ip_2_5197,
ip_2_5198,
ip_2_5199,
ip_2_5200,
ip_2_5201,
ip_2_5202,
ip_2_5203,
ip_2_5204,
ip_2_5205,
ip_2_5206,
ip_2_5207,
ip_2_5208,
ip_2_5209,
ip_2_5210,
ip_2_5211,
ip_2_5212,
ip_2_5213,
ip_2_5214,
ip_2_5215,
ip_2_5216,
ip_2_5217,
ip_2_5218,
ip_2_5219,
ip_2_5220,
ip_2_5221,
ip_2_5222,
ip_2_5223,
ip_2_5224,
ip_2_5225,
ip_2_5226,
ip_2_5227,
ip_2_5228,
ip_2_5229,
ip_2_5230,
ip_2_5231,
ip_2_5232,
ip_2_5233,
ip_2_5234,
ip_2_5235,
ip_2_5236,
ip_2_5237,
ip_2_5238,
ip_2_5239,
ip_2_5240,
ip_2_5241,
ip_2_5242,
ip_2_5243,
ip_2_5244,
ip_2_5245,
ip_2_5246,
ip_2_5247,
ip_2_5248,
ip_2_5249,
ip_2_5250,
ip_2_5251,
ip_2_5252,
ip_2_5253,
ip_2_5254,
ip_2_5255,
ip_2_5256,
ip_2_5257,
ip_2_5258,
ip_2_5259,
ip_2_5260,
ip_2_5261,
ip_2_5262,
ip_2_5263,
ip_2_5264,
ip_2_5265,
ip_2_5266,
ip_2_5267,
ip_2_5268,
ip_2_5269,
ip_2_5270,
ip_2_5271,
ip_2_5272,
ip_2_5273,
ip_2_5274,
ip_2_5275,
ip_2_5276,
ip_2_5277,
ip_2_5278,
ip_2_5279,
ip_2_5280,
ip_2_5281,
ip_2_5282,
ip_2_5283,
ip_2_5284,
ip_2_5285,
ip_2_5286,
ip_2_5287,
ip_2_5288,
ip_2_5289,
ip_2_5290,
ip_2_5291,
ip_2_5292,
ip_2_5293,
ip_2_5294,
ip_2_5295,
ip_2_5296,
ip_2_5297,
ip_2_5298,
ip_2_5299,
ip_2_5300,
ip_2_5301,
ip_2_5302,
ip_2_5303,
ip_2_5304,
ip_2_5305,
ip_2_5306,
ip_2_5307,
ip_2_5308,
ip_2_5309,
ip_2_5310,
ip_2_5311,
ip_2_5312,
ip_2_5313,
ip_2_5314,
ip_2_5315,
ip_2_5316,
ip_2_5317,
ip_2_5318,
ip_2_5319,
ip_2_5320,
ip_2_5321,
ip_2_5322,
ip_2_5323,
ip_2_5324,
ip_2_5325,
ip_2_5326,
ip_2_5327,
ip_2_5328,
ip_2_5329,
ip_2_5330,
ip_2_5331,
ip_2_5332,
ip_2_5333,
ip_2_5334,
ip_2_5335,
ip_2_5336,
ip_2_5337,
ip_2_5338,
ip_2_5339,
ip_2_5340,
ip_2_5341,
ip_2_5342,
ip_2_5343,
ip_2_5344,
ip_2_5345,
ip_2_5346,
ip_2_5347,
ip_2_5348,
ip_2_5349,
ip_2_5350,
ip_2_5351,
ip_2_5352,
ip_2_5353,
ip_2_5354,
ip_2_5355,
ip_2_5356,
ip_2_5357,
ip_2_5358,
ip_2_5359,
ip_2_5360,
ip_2_5361,
ip_2_5362,
ip_2_5363,
ip_2_5364,
ip_2_5365,
ip_2_5366,
ip_2_5367,
ip_2_5368,
ip_2_5369,
ip_2_5370,
ip_2_5371,
ip_2_5372,
ip_2_5373,
ip_2_5374,
ip_2_5375,
ip_2_5376,
ip_2_5377,
ip_2_5378,
ip_2_5379,
ip_2_5380,
ip_2_5381,
ip_2_5382,
ip_2_5383,
ip_2_5384,
ip_2_5385,
ip_2_5386,
ip_2_5387,
ip_2_5388,
ip_2_5389,
ip_2_5390,
ip_2_5391,
ip_2_5392,
ip_2_5393,
ip_2_5394,
ip_2_5395,
ip_2_5396,
ip_2_5397,
ip_2_5398,
ip_2_5399,
ip_2_5400,
ip_2_5401,
ip_2_5402,
ip_2_5403,
ip_2_5404,
ip_2_5405,
ip_2_5406,
ip_2_5407,
ip_2_5408,
ip_2_5409,
ip_2_5410,
ip_2_5411,
ip_2_5412,
ip_2_5413,
ip_2_5414,
ip_2_5415,
ip_2_5416,
ip_2_5417,
ip_2_5418,
ip_2_5419,
ip_2_5420,
ip_2_5421,
ip_2_5422,
ip_2_5423,
ip_2_5424,
ip_2_5425,
ip_2_5426,
ip_2_5427,
ip_2_5428,
ip_2_5429,
ip_2_5430,
ip_2_5431,
ip_2_5432,
ip_2_5433,
ip_2_5434,
ip_2_5435,
ip_2_5436,
ip_2_5437,
ip_2_5438,
ip_2_5439,
ip_2_5440,
ip_2_5441,
ip_2_5442,
ip_2_5443,
ip_2_5444,
ip_2_5445,
ip_2_5446,
ip_2_5447,
ip_2_5448,
ip_2_5449,
ip_2_5450,
ip_2_5451,
ip_2_5452,
ip_2_5453,
ip_2_5454,
ip_2_5455,
ip_2_5456,
ip_2_5457,
ip_2_5458,
ip_2_5459,
ip_2_5460,
ip_2_5461,
ip_2_5462,
ip_2_5463,
ip_2_5464,
ip_2_5465,
ip_2_5466,
ip_2_5467,
ip_2_5468,
ip_2_5469,
ip_2_5470,
ip_2_5471,
ip_2_5472,
ip_2_5473,
ip_2_5474,
ip_2_5475,
ip_2_5476,
ip_2_5477,
ip_2_5478,
ip_2_5479,
ip_2_5480,
ip_2_5481,
ip_2_5482,
ip_2_5483,
ip_2_5484,
ip_2_5485,
ip_2_5486,
ip_2_5487,
ip_2_5488,
ip_2_5489,
ip_2_5490,
ip_2_5491,
ip_2_5492,
ip_2_5493,
ip_2_5494,
ip_2_5495,
ip_2_5496,
ip_2_5497,
ip_2_5498,
ip_2_5499,
ip_2_5500,
ip_2_5501,
ip_2_5502,
ip_2_5503,
ip_2_5504,
ip_2_5505,
ip_2_5506,
ip_2_5507,
ip_2_5508,
ip_2_5509,
ip_2_5510,
ip_2_5511,
ip_2_5512,
ip_2_5513,
ip_2_5514,
ip_2_5515,
ip_2_5516,
ip_2_5517,
ip_2_5518,
ip_2_5519,
ip_2_5520,
ip_2_5521,
ip_2_5522,
ip_2_5523,
ip_2_5524,
ip_2_5525,
ip_2_5526,
ip_2_5527,
ip_2_5528,
ip_2_5529,
ip_2_5530,
ip_2_5531,
ip_2_5532,
ip_2_5533,
ip_2_5534,
ip_2_5535,
ip_2_5536,
ip_2_5537,
ip_2_5538,
ip_2_5539,
ip_2_5540,
ip_2_5541,
ip_2_5542,
ip_2_5543,
ip_2_5544,
ip_2_5545,
ip_2_5546,
ip_2_5547,
ip_2_5548,

