uid,title,author,
1,"A’ Chaora Dhubh",1,
2,"A’ Chiad Rong san Fhàradh",1,
3,"Am Preas Aodaich",1,
4,"An Còirneal",1,
5,"An Dalta",1,
6,"An Lannsair Chraobhan",1,
7,"Aonghas Thuilm",1,
8,"Ciste a’ Chaiptein",1,
9,"Cogais Ghoirt",1,
10,"Cruaidh-fhortan Bhriain",1,
11,"Dà Chaora Dhubh",1,
12,"Dìoghaltas Syd Scot",1,
13,"Dìomhaireachd nan Dotairean",1,
14,"Droch Bhliadhna san Sgoil",1,
15,"Eucoir agus Peanasachadh",1,
16,"Eudach",1,
17,"Fear na Bainnse",1,
18,"Gaisgeach Dùthchail",1,
19,"Iasgach nan Giomach",1,
20,"Mata agus Lucas",1,
21,"Pòsadh ‘Smart Ailig’",1,
22,"Rob an Deucoin",1,
23,"Saighead an Tighearna",1,
24,"Toiseach a Shòlais",1,
25,"Spuirean na h-Iolaire",2,
26,"An Càr",2,
27,"Pòsadh Màiri",3,
28,"Am Bocsa",4,
29,"Ioseph",5,
30,"Domhnall Urchard",6,
